SPECIES,SITE,PLOT,Year,Month,NEWROS,RAMET,stage.modified,PrevStage,PrevYear,NextStage,NextYear,firstYear,firstStage,lastYear,lastStage,Survival
WL,APP,Plot D,1990,July,1,1,SR,No.record,NA,Dead,NA,1990,SR,1990,SR,No
WL,APP,Plot D,1990,July,3,2,SR,No.record,NA,Dead,NA,1990,SR,1990,SR,No
WL,APP,Plot D,1990,July,4,3,SR,No.record,NA,inactive,1991,1990,SR,1993,SR,Yes
WL,APP,Plot D,1991,May,4,3,inactive,SR,1990,SR,1992,1990,SR,1993,SR,Yes
WL,APP,Plot D,1992,May,4,3,SR,inactive,1991,SR,1993,1990,SR,1993,SR,Yes
WL,APP,Plot D,1993,July,4,3,SR,SR,1992,Dead,NA,1990,SR,1993,SR,No
WL,APP,Plot D,1990,July,5,4,SF,No.record,NA,Dead,NA,1990,SF,1990,SF,No
WL,APP,Plot D,1990,July,6,5,SR,No.record,NA,SR,1991,1990,SR,1992,SF,Yes
WL,APP,Plot D,1991,July,6,5,SR,SR,1990,SF,1992,1990,SR,1992,SF,Yes
WL,APP,Plot D,1992,July,6,5,SF,SR,1991,Dead,NA,1990,SR,1992,SF,No
WL,APP,Plot D,2005,July,10,6,SR,First.Appearance,NA,SR,2006,2005,SR,2009,SF,Yes
WL,APP,Plot D,2006,July,10,6,SR,SR,2005,SR,2007,2005,SR,2009,SF,Yes
WL,APP,Plot D,2007,July,10,6,SR,SR,2006,MR,2008,2005,SR,2009,SF,Yes
WL,APP,Plot D,2008,June,10,6,MR,SR,2007,SF,2009,2005,SR,2009,SF,Yes
WL,APP,Plot D,2009,June,10,6,SF,MR,2008,Dead,NA,2005,SR,2009,SF,No
WL,APP,Plot D,2004,May,19,7,SR,First.Appearance,NA,SR,2005,2004,SR,2008,SR,Yes
WL,APP,Plot D,2005,July,19,7,SR,SR,2004,SR,2006,2004,SR,2008,SR,Yes
WL,APP,Plot D,2006,July,19,7,SR,SR,2005,SR,2007,2004,SR,2008,SR,Yes
WL,APP,Plot D,2007,July,19,7,SR,SR,2006,SR,2008,2004,SR,2008,SR,Yes
WL,APP,Plot D,2008,June,19,7,SR,SR,2007,Dead,NA,2004,SR,2008,SR,No
WL,APP,Plot D,2000,May,33.1,8,SR,First.Appearance,NA,SR,2001,2000,SR,2002,SR,Yes
WL,APP,Plot D,2001,May,33.1,8,SR,SR,2000,SR,2002,2000,SR,2002,SR,Yes
WL,APP,Plot D,2002,June,33.1,8,SR,SR,2001,Dead,NA,2000,SR,2002,SR,No
WL,APP,Plot D,2004,May,33.200000000000003,9,SR,First.Appearance,NA,Dead,NA,2004,SR,2004,SR,No
WL,APP,Plot D,2005,July,33.299999999999997,10,SR,First.Appearance,NA,SR,2006,2005,SR,2009,SF,Yes
WL,APP,Plot D,2006,July,33.299999999999997,10,SR,SR,2005,MR,2007,2005,SR,2009,SF,Yes
WL,APP,Plot D,2007,July,33.299999999999997,10,MR,SR,2006,SR,2008,2005,SR,2009,SF,Yes
WL,APP,Plot D,2008,June,33.299999999999997,10,SR,MR,2007,SF,2009,2005,SR,2009,SF,Yes
WL,APP,Plot D,2009,June,33.299999999999997,10,SF,SR,2008,Dead,NA,2005,SR,2009,SF,No
WL,APP,Plot D,1993,May,34.1,11,Seedling,First.Appearance,NA,Dead,NA,1993,Seedling,1993,Seedling,No
WL,APP,Plot D,1996,May,34.200000000000003,12,SR,First.Appearance,NA,Dead,NA,1996,SR,1996,SR,No
WL,APP,Plot D,1993,July,35.1,13,SR,First.Appearance,NA,SR,1994,1993,SR,1996,SR,Yes
WL,APP,Plot D,1994,July,35.1,13,SR,SR,1993,SR,1995,1993,SR,1996,SR,Yes
WL,APP,Plot D,1995,July,35.1,13,SR,SR,1994,SR,1996,1993,SR,1996,SR,Yes
WL,APP,Plot D,1996,May,35.1,13,SR,SR,1995,Dead,NA,1993,SR,1996,SR,No
WL,APP,Plot D,1999,July,35.200000000000003,14,SR,First.Appearance,NA,SR,2000,1999,SR,2001,SR,Yes
WL,APP,Plot D,2000,May,35.200000000000003,14,SR,SR,1999,SR,2001,1999,SR,2001,SR,Yes
WL,APP,Plot D,2001,May,35.200000000000003,14,SR,SR,2000,Dead,NA,1999,SR,2001,SR,No
WL,APP,Plot D,2003,May,36,15,MR,First.Appearance,NA,MR,2004,2003,MR,2004,MR,Yes
WL,APP,Plot D,2004,May,36,15,MR,MR,2003,Dead,NA,2003,MR,2004,MR,No
WL,APP,Plot D,1993,July,37,16,SR,First.Appearance,NA,SR,1994,1993,SR,1994,SR,Yes
WL,APP,Plot D,1994,May,37,16,SR,SR,1993,Dead,NA,1993,SR,1994,SR,No
WL,APP,Plot D,1997,July,38,17,SR,First.Appearance,NA,MR,1998,1997,SR,1998,MR,Yes
WL,APP,Plot D,1998,May,38,17,MR,SR,1997,Dead,NA,1997,SR,1998,MR,No
WL,APP,Plot D,1993,May,39,18,SR,First.Appearance,NA,Dead,NA,1993,SR,1993,SR,No
WL,APP,Plot D,1993,May,40,19,Seedling,First.Appearance,NA,SR,1994,1993,Seedling,1994,SR,Yes
WL,APP,Plot D,1994,July,40,19,SR,Seedling,1993,Dead,NA,1993,Seedling,1994,SR,No
WL,APP,Plot D,1993,May,41,20,Seedling,First.Appearance,NA,SR,1994,1993,Seedling,1994,SR,Yes
WL,APP,Plot D,1994,May,41,20,SR,Seedling,1993,Dead,NA,1993,Seedling,1994,SR,No
WL,APP,Plot D,1993,May,42,21,Seedling,First.Appearance,NA,SR,1994,1993,Seedling,1998,SR,Yes
WL,APP,Plot D,1994,July,42,21,SR,Seedling,1993,SR,1995,1993,Seedling,1998,SR,Yes
WL,APP,Plot D,1995,July,42,21,SR,SR,1994,SR,1996,1993,Seedling,1998,SR,Yes
WL,APP,Plot D,1996,July,42,21,SR,SR,1995,SR,1997,1993,Seedling,1998,SR,Yes
WL,APP,Plot D,1997,July,42,21,SR,SR,1996,SR,1998,1993,Seedling,1998,SR,Yes
WL,APP,Plot D,1998,May,42,21,SR,SR,1997,Dead,NA,1993,Seedling,1998,SR,No
WL,APP,Plot D,1993,May,43,22,Seedling,First.Appearance,NA,SR,1994,1993,Seedling,1994,SR,Yes
WL,APP,Plot D,1994,May,43,22,SR,Seedling,1993,Dead,NA,1993,Seedling,1994,SR,No
WL,APP,Plot D,1993,July,44,23,SR,First.Appearance,NA,SR,1994,1993,SR,2006,SF,Yes
WL,APP,Plot D,1994,May,44,23,SR,SR,1993,SR,1995,1993,SR,2006,SF,Yes
WL,APP,Plot D,1995,July,44,23,SR,SR,1994,SR,1996,1993,SR,2006,SF,Yes
WL,APP,Plot D,1996,July,44,23,SR,SR,1995,SR,1997,1993,SR,2006,SF,Yes
WL,APP,Plot D,1997,July,44,23,SR,SR,1996,SR,1998,1993,SR,2006,SF,Yes
WL,APP,Plot D,1998,July,44,23,SR,SR,1997,SR,1999,1993,SR,2006,SF,Yes
WL,APP,Plot D,1999,July,44,23,SR,SR,1998,SR,2000,1993,SR,2006,SF,Yes
WL,APP,Plot D,2000,May,44,23,SR,SR,1999,SR,2001,1993,SR,2006,SF,Yes
WL,APP,Plot D,2001,May,44,23,SR,SR,2000,SR,2002,1993,SR,2006,SF,Yes
WL,APP,Plot D,2002,May,44,23,SR,SR,2001,SR,2003,1993,SR,2006,SF,Yes
WL,APP,Plot D,2003,May,44,23,SR,SR,2002,SR,2004,1993,SR,2006,SF,Yes
WL,APP,Plot D,2004,May,44,23,SR,SR,2003,SR,2005,1993,SR,2006,SF,Yes
WL,APP,Plot D,2005,July,44,23,SR,SR,2004,SF,2006,1993,SR,2006,SF,Yes
WL,APP,Plot D,2006,July,44,23,SF,SR,2005,Dead,NA,1993,SR,2006,SF,No
WL,APP,Plot D,1993,May,45,24,Seedling,First.Appearance,NA,Dead,NA,1993,Seedling,1993,Seedling,No
WL,APP,Plot D,1993,May,46,25,Seedling,First.Appearance,NA,Dead,NA,1993,Seedling,1993,Seedling,No
WL,APP,Plot D,1993,July,47,26,SR,First.Appearance,NA,Dead,NA,1993,SR,1993,SR,No
WL,APP,Plot D,1993,May,48,27,Seedling,First.Appearance,NA,Dead,NA,1993,Seedling,1993,Seedling,No
WL,APP,Plot D,1998,July,49,28,SR,First.Appearance,NA,SR,1999,1998,SR,1999,SR,Yes
WL,APP,Plot D,1999,May,49,28,SR,SR,1998,Dead,NA,1998,SR,1999,SR,No
WL,APP,Plot D,1993,May,50.1,29,Seedling,First.Appearance,NA,SR,1994,1993,Seedling,1996,SR,Yes
WL,APP,Plot D,1994,July,50.1,29,SR,Seedling,1993,SR,1995,1993,Seedling,1996,SR,Yes
WL,APP,Plot D,1995,July,50.1,29,SR,SR,1994,SR,1996,1993,Seedling,1996,SR,Yes
WL,APP,Plot D,1996,May,50.1,29,SR,SR,1995,Dead,NA,1993,Seedling,1996,SR,No
WL,APP,Plot D,1998,July,50.2,30,SR,First.Appearance,NA,Dead,NA,1998,SR,1998,SR,No
WL,APP,Plot D,1993,July,51.1,31,SR,First.Appearance,NA,MR,1994,1993,SR,1995,MF,Yes
WL,APP,Plot D,1994,July,51.1,31,MR,SR,1993,MF,1995,1993,SR,1995,MF,Yes
WL,APP,Plot D,1995,July,51.1,31,MF,MR,1994,Dead,NA,1993,SR,1995,MF,No
WL,APP,Plot D,1996,July,51.2,32,SR,First.Appearance,NA,SF,1997,1996,SR,1997,SF,Yes
WL,APP,Plot D,1997,July,51.2,32,SF,SR,1996,Dead,NA,1996,SR,1997,SF,No
WL,APP,Plot D,1997,July,52.1,33,SR,First.Appearance,NA,Dead,NA,1997,SR,1997,SR,No
WL,APP,Plot D,1999,July,52.2,34,SR,First.Appearance,NA,SR,2000,1999,SR,2001,SR,Yes
WL,APP,Plot D,2000,May,52.2,34,SR,SR,1999,SR,2001,1999,SR,2001,SR,Yes
WL,APP,Plot D,2001,May,52.2,34,SR,SR,2000,Dead,NA,1999,SR,2001,SR,No
WL,APP,Plot D,1999,July,53,35,SR,First.Appearance,NA,SR,2000,1999,SR,2000,SR,Yes
WL,APP,Plot D,2000,May,53,35,SR,SR,1999,Dead,NA,1999,SR,2000,SR,No
WL,APP,Plot D,1998,July,54.1,36,SR,First.Appearance,NA,Dead,NA,1998,SR,1998,SR,No
WL,APP,Plot D,1999,July,54.2,37,SR,First.Appearance,NA,SR,2000,1999,SR,2002,SR,Yes
WL,APP,Plot D,2000,May,54.2,37,SR,SR,1999,SR,2001,1999,SR,2002,SR,Yes
WL,APP,Plot D,2001,May,54.2,37,SR,SR,2000,SR,2002,1999,SR,2002,SR,Yes
WL,APP,Plot D,2002,June,54.2,37,SR,SR,2001,Dead,NA,1999,SR,2002,SR,No
WL,APP,Plot D,1993,May,55,38,Seedling,First.Appearance,NA,SR,1994,1993,Seedling,1994,SR,Yes
WL,APP,Plot D,1994,May,55,38,SR,Seedling,1993,Dead,NA,1993,Seedling,1994,SR,No
WL,APP,Plot D,1993,May,56,39,Seedling,First.Appearance,NA,SR,1994,1993,Seedling,1994,SR,Yes
WL,APP,Plot D,1994,May,56,39,SR,Seedling,1993,Dead,NA,1993,Seedling,1994,SR,No
WL,APP,Plot D,1993,July,57.1,40,SR,First.Appearance,NA,Dead,NA,1993,SR,1993,SR,No
WL,APP,Plot D,1996,July,57.2,41,SR,First.Appearance,NA,SR,1997,1996,SR,1997,SR,Yes
WL,APP,Plot D,1997,July,57.2,41,SR,SR,1996,Dead,NA,1996,SR,1997,SR,No
WL,APP,Plot D,1993,July,58,42,SR,First.Appearance,NA,Dead,NA,1993,SR,1993,SR,No
WL,APP,Plot D,1993,July,59,43,SR,First.Appearance,NA,SR,1994,1993,SR,1994,SR,Yes
WL,APP,Plot D,1994,May,59,43,SR,SR,1993,Dead,NA,1993,SR,1994,SR,No
WL,APP,Plot D,1993,July,60,44,SR,First.Appearance,NA,Dead,NA,1993,SR,1993,SR,No
WL,APP,Plot D,1993,July,61,45,SR,First.Appearance,NA,SR,1994,1993,SR,1994,SR,Yes
WL,APP,Plot D,1994,July,61,45,SR,SR,1993,Dead,NA,1993,SR,1994,SR,No
WL,APP,Plot D,1993,July,62,46,SR,First.Appearance,NA,SR,1994,1993,SR,1995,SR,Yes
WL,APP,Plot D,1994,July,62,46,SR,SR,1993,SR,1995,1993,SR,1995,SR,Yes
WL,APP,Plot D,1995,July,62,46,SR,SR,1994,Dead,NA,1993,SR,1995,SR,No
WL,APP,Plot D,1993,July,63,47,SF,First.Appearance,NA,Dead,NA,1993,SF,1993,SF,No
WL,APP,Plot D,1993,July,65,48,SR,First.Appearance,NA,SR,1994,1993,SR,1995,SR,Yes
WL,APP,Plot D,1994,May,65,48,SR,SR,1993,SR,1995,1993,SR,1995,SR,Yes
WL,APP,Plot D,1995,July,65,48,SR,SR,1994,Dead,NA,1993,SR,1995,SR,No
WL,APP,Plot D,1993,July,66.099999999999994,49,SR,First.Appearance,NA,Dead,NA,1993,SR,1993,SR,No
WL,APP,Plot D,1996,July,66.2,50,SR,First.Appearance,NA,Dead,NA,1996,SR,1996,SR,No
WL,APP,Plot D,1993,May,68,51,Seedling,First.Appearance,NA,SR,1994,1993,Seedling,1997,SR,Yes
WL,APP,Plot D,1994,July,68,51,SR,Seedling,1993,SR,1995,1993,Seedling,1997,SR,Yes
WL,APP,Plot D,1995,May,68,51,SR,SR,1994,SR,1996,1993,Seedling,1997,SR,Yes
WL,APP,Plot D,1996,July,68,51,SR,SR,1995,SR,1997,1993,Seedling,1997,SR,Yes
WL,APP,Plot D,1997,July,68,51,SR,SR,1996,Dead,NA,1993,Seedling,1997,SR,No
WL,APP,Plot D,1993,May,69,52,Seedling,First.Appearance,NA,inactive,1994,1993,Seedling,1998,SR,Yes
WL,APP,Plot D,1994,May,69,52,inactive,Seedling,1993,SR,1995,1993,Seedling,1998,SR,Yes
WL,APP,Plot D,1995,May,69,52,SR,inactive,1994,SR,1996,1993,Seedling,1998,SR,Yes
WL,APP,Plot D,1996,May,69,52,SR,SR,1995,SR,1997,1993,Seedling,1998,SR,Yes
WL,APP,Plot D,1997,May,69,52,SR,SR,1996,SR,1998,1993,Seedling,1998,SR,Yes
WL,APP,Plot D,1998,July,69,52,SR,SR,1997,Dead,NA,1993,Seedling,1998,SR,No
WL,APP,Plot D,1993,July,70,53,SR,First.Appearance,NA,SR,1994,1993,SR,1996,SR,Yes
WL,APP,Plot D,1994,July,70,53,SR,SR,1993,SR,1995,1993,SR,1996,SR,Yes
WL,APP,Plot D,1995,May,70,53,SR,SR,1994,SR,1996,1993,SR,1996,SR,Yes
WL,APP,Plot D,1996,May,70,53,SR,SR,1995,Dead,NA,1993,SR,1996,SR,No
WL,APP,Plot D,1993,May,71,54,Seedling,First.Appearance,NA,Dead,NA,1993,Seedling,1993,Seedling,No
WL,APP,Plot D,1994,July,80,55,SR,First.Appearance,NA,Dead,NA,1994,SR,1994,SR,No
WL,APP,Plot D,2001,May,86,56,SR,First.Appearance,NA,Dead,NA,2001,SR,2001,SR,No
WL,APP,Plot D,1992,July,98,57,SR,First.Appearance,NA,SR,1993,1992,SR,1993,SR,Yes
WL,APP,Plot D,1993,May,98,57,SR,SR,1992,Dead,NA,1992,SR,1993,SR,No
WL,APP,Plot D,1992,July,99,58,SR,First.Appearance,NA,Dead,NA,1992,SR,1992,SR,No
WL,APP,Plot D,1992,July,100,59,SR,First.Appearance,NA,Dead,NA,1992,SR,1992,SR,No
WL,APP,Plot D,1995,July,152,60,SR,First.Appearance,NA,SR,1996,1995,SR,1997,SF,Yes
WL,APP,Plot D,1996,July,152,60,SR,SR,1995,SF,1997,1995,SR,1997,SF,Yes
WL,APP,Plot D,1997,July,152,60,SF,SR,1996,Dead,NA,1995,SR,1997,SF,No
WL,APP,Plot D,1990,July,153,61,SR,No.record,NA,SR,1991,1990,SR,1993,SR,Yes
WL,APP,Plot D,1991,July,153,61,SR,SR,1990,SR,1992,1990,SR,1993,SR,Yes
WL,APP,Plot D,1992,July,153,61,SR,SR,1991,SR,1993,1990,SR,1993,SR,Yes
WL,APP,Plot D,1993,July,153,61,SR,SR,1992,Dead,NA,1990,SR,1993,SR,No
WL,APP,Plot D,1990,July,154,62,SR,No.record,NA,SR,1991,1990,SR,1993,SF,Yes
WL,APP,Plot D,1991,July,154,62,SR,SR,1990,SR,1992,1990,SR,1993,SF,Yes
WL,APP,Plot D,1992,July,154,62,SR,SR,1991,SF,1993,1990,SR,1993,SF,Yes
WL,APP,Plot D,1993,July,154,62,SF,SR,1992,Dead,NA,1990,SR,1993,SF,No
WL,APP,Plot D,1990,July,155.1,63,SR,No.record,NA,SR,1991,1990,SR,1992,SF,Yes
WL,APP,Plot D,1991,July,155.1,63,SR,SR,1990,SF,1992,1990,SR,1992,SF,Yes
WL,APP,Plot D,1992,July,155.1,63,SF,SR,1991,Dead,NA,1990,SR,1992,SF,No
WL,APP,Plot D,1993,July,155.19999999999999,64,SR,First.Appearance,NA,Dead,NA,1993,SR,1993,SR,No
WL,APP,Plot D,1998,July,156,65,SR,First.Appearance,NA,SR,1999,1998,SR,2002,SR,Yes
WL,APP,Plot D,1999,May,156,65,SR,SR,1998,SR,2000,1998,SR,2002,SR,Yes
WL,APP,Plot D,2000,May,156,65,SR,SR,1999,SR,2001,1998,SR,2002,SR,Yes
WL,APP,Plot D,2001,May,156,65,SR,SR,2000,SR,2002,1998,SR,2002,SR,Yes
WL,APP,Plot D,2002,June,156,65,SR,SR,2001,Dead,NA,1998,SR,2002,SR,No
WL,APP,Plot D,1990,July,157,66,SR,No.record,NA,Dead,NA,1990,SR,1990,SR,No
WL,APP,Plot D,1990,July,158,67,SR,No.record,NA,Dead,NA,1990,SR,1990,SR,No
WL,APP,Plot D,1990,July,174,68,SR,No.record,NA,SR,1991,1990,SR,1995,SR,Yes
WL,APP,Plot D,1991,May,174,68,SR,SR,1990,SR,1992,1990,SR,1995,SR,Yes
WL,APP,Plot D,1992,July,174,68,SR,SR,1991,SR,1993,1990,SR,1995,SR,Yes
WL,APP,Plot D,1993,July,174,68,SR,SR,1992,SR,1994,1990,SR,1995,SR,Yes
WL,APP,Plot D,1994,May,174,68,SR,SR,1993,SR,1995,1990,SR,1995,SR,Yes
WL,APP,Plot D,1995,July,174,68,SR,SR,1994,Dead,NA,1990,SR,1995,SR,No
WL,APP,Plot D,1990,July,176.1,69,SR,No.record,NA,SR,1991,1990,SR,1992,SR,Yes
WL,APP,Plot D,1991,July,176.1,69,SR,SR,1990,SR,1992,1990,SR,1992,SR,Yes
WL,APP,Plot D,1992,July,176.1,69,SR,SR,1991,Dead,NA,1990,SR,1992,SR,No
WL,APP,Plot D,1994,July,176.2,70,SR,First.Appearance,NA,Dead,NA,1994,SR,1994,SR,No
WL,APP,Plot D,1990,July,177,71,SR,No.record,NA,SR,1991,1990,SR,1991,SR,Yes
WL,APP,Plot D,1991,July,177,71,SR,SR,1990,Dead,NA,1990,SR,1991,SR,No
WL,APP,Plot D,1990,July,178.1,72,SF,No.record,NA,Dead,NA,1990,SF,1990,SF,No
WL,APP,Plot D,1991,July,178.2,73,SR,First.Appearance,NA,SF,1992,1991,SR,1992,SF,Yes
WL,APP,Plot D,1992,July,178.2,73,SF,SR,1991,Dead,NA,1991,SR,1992,SF,No
WL,APP,Plot D,1993,July,178.3,74,SR,First.Appearance,NA,Dead,NA,1993,SR,1993,SR,No
WL,APP,Plot D,1990,July,179,75,SR,No.record,NA,SR,1991,1990,SR,1993,SR,Yes
WL,APP,Plot D,1991,July,179,75,SR,SR,1990,SR,1992,1990,SR,1993,SR,Yes
WL,APP,Plot D,1992,July,179,75,SR,SR,1991,SR,1993,1990,SR,1993,SR,Yes
WL,APP,Plot D,1993,July,179,75,SR,SR,1992,Dead,NA,1990,SR,1993,SR,No
WL,APP,Plot D,1990,July,180,76,SR,No.record,NA,Dead,NA,1990,SR,1990,SR,No
WL,APP,Plot D,1990,July,181.1,77,SR,No.record,NA,SR,1991,1990,SR,1992,SF,Yes
WL,APP,Plot D,1991,July,181.1,77,SR,SR,1990,SF,1992,1990,SR,1992,SF,Yes
WL,APP,Plot D,1992,July,181.1,77,SF,SR,1991,Dead,NA,1990,SR,1992,SF,No
WL,APP,Plot D,1993,July,181.2,78,SR,First.Appearance,NA,Dead,NA,1993,SR,1993,SR,No
WL,APP,Plot D,1990,July,182.1,79,SR,No.record,NA,SF,1991,1990,SR,1991,SF,Yes
WL,APP,Plot D,1991,July,182.1,79,SF,SR,1990,Dead,NA,1990,SR,1991,SF,No
WL,APP,Plot D,1992,July,182.2,80,SR,First.Appearance,NA,SF,1993,1992,SR,1993,SF,Yes
WL,APP,Plot D,1993,July,182.2,80,SF,SR,1992,Dead,NA,1992,SR,1993,SF,No
WL,APP,Plot D,1990,July,183,81,SR,No.record,NA,Dead,NA,1990,SR,1990,SR,No
WL,APP,Plot D,1996,July,184,82,SR,First.Appearance,NA,Dead,NA,1996,SR,1996,SR,No
WL,APP,Plot D,1990,July,185,83,SR,No.record,NA,SR,1991,1990,SR,1993,SF,Yes
WL,APP,Plot D,1991,July,185,83,SR,SR,1990,SR,1992,1990,SR,1993,SF,Yes
WL,APP,Plot D,1992,July,185,83,SR,SR,1991,SF,1993,1990,SR,1993,SF,Yes
WL,APP,Plot D,1993,July,185,83,SF,SR,1992,Dead,NA,1990,SR,1993,SF,No
WL,APP,Plot D,1990,July,186.1,84,SR,No.record,NA,SF,1991,1990,SR,1991,SF,Yes
WL,APP,Plot D,1991,July,186.1,84,SF,SR,1990,Dead,NA,1990,SR,1991,SF,No
WL,APP,Plot D,1992,July,186.2,85,SR,First.Appearance,NA,Dead,NA,1992,SR,1992,SR,No
WL,APP,Plot D,1990,July,187,86,SR,No.record,NA,Dead,NA,1990,SR,1990,SR,No
WL,APP,Plot D,1990,July,188,87,SR,No.record,NA,Dead,NA,1990,SR,1990,SR,No
WL,APP,Plot D,1996,May,189.1,88,SR,First.Appearance,NA,Dead,NA,1996,SR,1996,SR,No
WL,APP,Plot D,1998,July,189.2,89,SR,First.Appearance,NA,SR,1999,1998,SR,2006,MF,Yes
WL,APP,Plot D,1999,May,189.2,89,SR,SR,1998,inactive,2000,1998,SR,2006,MF,Yes
WL,APP,Plot D,2000,May,189.2,89,inactive,SR,1999,SR,2001,1998,SR,2006,MF,Yes
WL,APP,Plot D,2001,May,189.2,89,SR,inactive,2000,SR,2002,1998,SR,2006,MF,Yes
WL,APP,Plot D,2002,June,189.2,89,SR,SR,2001,SR,2003,1998,SR,2006,MF,Yes
WL,APP,Plot D,2003,May,189.2,89,SR,SR,2002,MR,2004,1998,SR,2006,MF,Yes
WL,APP,Plot D,2004,May,189.2,89,MR,SR,2003,MR,2005,1998,SR,2006,MF,Yes
WL,APP,Plot D,2005,July,189.2,89,MR,MR,2004,MF,2006,1998,SR,2006,MF,Yes
WL,APP,Plot D,2006,July,189.2,89,MF,MR,2005,Dead,NA,1998,SR,2006,MF,No
WL,APP,Plot D,2007,July,189.3,90,SR,First.Appearance,NA,Dead,NA,2007,SR,2007,SR,No
WL,APP,Plot D,1996,May,190,91,SR,First.Appearance,NA,Dead,NA,1996,SR,1996,SR,No
WL,APP,Plot D,1990,July,191.1,92,SR,No.record,NA,SR,1991,1990,SR,1993,SR,Yes
WL,APP,Plot D,1991,July,191.1,92,SR,SR,1990,MR,1992,1990,SR,1993,SR,Yes
WL,APP,Plot D,1992,May,191.1,92,MR,SR,1991,SR,1993,1990,SR,1993,SR,Yes
WL,APP,Plot D,1993,July,191.1,92,SR,MR,1992,Dead,NA,1990,SR,1993,SR,No
WL,APP,Plot D,1994,May,191.2,93,SR,First.Appearance,NA,Dead,NA,1994,SR,1994,SR,No
WL,APP,Plot D,1990,July,192,94,SR,No.record,NA,SR,1991,1990,SR,1992,MR,Yes
WL,APP,Plot D,1991,July,192,94,SR,SR,1990,MR,1992,1990,SR,1992,MR,Yes
WL,APP,Plot D,1992,July,192,94,MR,SR,1991,Dead,NA,1990,SR,1992,MR,No
WL,APP,Plot D,1990,July,193,95,SR,No.record,NA,SR,1991,1990,SR,1992,SR,Yes
WL,APP,Plot D,1991,July,193,95,SR,SR,1990,SR,1992,1990,SR,1992,SR,Yes
WL,APP,Plot D,1992,July,193,95,SR,SR,1991,Dead,NA,1990,SR,1992,SR,No
WL,APP,Plot D,1990,July,194,96,SR,No.record,NA,Dead,NA,1990,SR,1990,SR,No
WL,APP,Plot D,1990,July,195,97,SR,No.record,NA,Dead,NA,1990,SR,1990,SR,No
WL,APP,Plot D,1990,July,196.1,98,SR,No.record,NA,SR,1991,1990,SR,1994,SR,Yes
WL,APP,Plot D,1991,May,196.1,98,SR,SR,1990,SR,1992,1990,SR,1994,SR,Yes
WL,APP,Plot D,1992,July,196.1,98,SR,SR,1991,SR,1993,1990,SR,1994,SR,Yes
WL,APP,Plot D,1993,July,196.1,98,SR,SR,1992,SR,1994,1990,SR,1994,SR,Yes
WL,APP,Plot D,1994,July,196.1,98,SR,SR,1993,Dead,NA,1990,SR,1994,SR,No
WL,APP,Plot D,1995,July,196.2,99,SR,First.Appearance,NA,Dead,NA,1995,SR,1995,SR,No
WL,APP,Plot D,1990,July,197.1,100,SR,No.record,NA,SR,1991,1990,SR,1991,SR,Yes
WL,APP,Plot D,1991,July,197.1,100,SR,SR,1990,Dead,NA,1990,SR,1991,SR,No
WL,APP,Plot D,1994,July,197.2,101,SR,First.Appearance,NA,Dead,NA,1994,SR,1994,SR,No
WL,APP,Plot D,1990,July,198.1,102,SF,No.record,NA,Dead,NA,1990,SF,1990,SF,No
WL,APP,Plot D,1991,July,198.2,103,SR,First.Appearance,NA,SR,1992,1991,SR,1992,SR,Yes
WL,APP,Plot D,1992,July,198.2,103,SR,SR,1991,Dead,NA,1991,SR,1992,SR,No
WL,APP,Plot D,1994,July,198.3,104,SR,First.Appearance,NA,Dead,NA,1994,SR,1994,SR,No
WL,APP,Plot D,1993,July,201,105,SR,First.Appearance,NA,Dead,NA,1993,SR,1993,SR,No
WL,APP,Plot D,1993,July,202,106,SR,First.Appearance,NA,SR,1994,1993,SR,1994,SR,Yes
WL,APP,Plot D,1994,May,202,106,SR,SR,1993,Dead,NA,1993,SR,1994,SR,No
WL,APP,Plot D,1993,July,203,107,SR,First.Appearance,NA,SR,1994,1993,SR,1994,SR,Yes
WL,APP,Plot D,1994,May,203,107,SR,SR,1993,Dead,NA,1993,SR,1994,SR,No
WL,APP,Plot D,1993,July,204,108,SR,First.Appearance,NA,Dead,NA,1993,SR,1993,SR,No
WL,APP,Plot D,1993,July,205,109,SR,First.Appearance,NA,SR,1994,1993,SR,1994,SR,Yes
WL,APP,Plot D,1994,July,205,109,SR,SR,1993,Dead,NA,1993,SR,1994,SR,No
WL,APP,Plot D,1993,July,206,110,SR,First.Appearance,NA,SR,1994,1993,SR,1994,SR,Yes
WL,APP,Plot D,1994,July,206,110,SR,SR,1993,Dead,NA,1993,SR,1994,SR,No
WL,APP,Plot D,1993,July,207,111,SR,First.Appearance,NA,SR,1994,1993,SR,1994,SR,Yes
WL,APP,Plot D,1994,July,207,111,SR,SR,1993,Dead,NA,1993,SR,1994,SR,No
WL,APP,Plot D,1993,July,209.1,112,SR,First.Appearance,NA,SR,1994,1993,SR,1999,SR,Yes
WL,APP,Plot D,1994,May,209.1,112,SR,SR,1993,SR,1995,1993,SR,1999,SR,Yes
WL,APP,Plot D,1995,July,209.1,112,SR,SR,1994,SR,1996,1993,SR,1999,SR,Yes
WL,APP,Plot D,1996,July,209.1,112,SR,SR,1995,SR,1997,1993,SR,1999,SR,Yes
WL,APP,Plot D,1997,July,209.1,112,SR,SR,1996,SR,1998,1993,SR,1999,SR,Yes
WL,APP,Plot D,1998,July,209.1,112,SR,SR,1997,SR,1999,1993,SR,1999,SR,Yes
WL,APP,Plot D,1999,May,209.1,112,SR,SR,1998,Dead,NA,1993,SR,1999,SR,No
WL,APP,Plot D,2000,May,209.2,113,MR,First.Appearance,NA,Dead,NA,2000,MR,2000,MR,No
WL,APP,Plot D,2006,July,244,114,SR,First.Appearance,NA,SR,2007,2006,SR,2009,SF,Yes
WL,APP,Plot D,2007,July,244,114,SR,SR,2006,SR,2008,2006,SR,2009,SF,Yes
WL,APP,Plot D,2008,June,244,114,SR,SR,2007,SF,2009,2006,SR,2009,SF,Yes
WL,APP,Plot D,2009,June,244,114,SF,SR,2008,Dead,NA,2006,SR,2009,SF,No
WL,APP,Plot D,2006,July,255,115,SR,First.Appearance,NA,Dead,NA,2006,SR,2006,SR,No
WL,APP,Plot D,2003,May,266.10000000000002,116,SR,First.Appearance,NA,SR,2004,2003,SR,2004,SR,Yes
WL,APP,Plot D,2004,May,266.10000000000002,116,SR,SR,2003,Dead,NA,2003,SR,2004,SR,No
WL,APP,Plot D,2005,July,266.2,117,SR,First.Appearance,NA,SR,2006,2005,SR,2006,SR,Yes
WL,APP,Plot D,2006,July,266.2,117,SR,SR,2005,Dead,NA,2005,SR,2006,SR,No
WL,APP,Plot D,1992,July,280.10000000000002,118,SR,First.Appearance,NA,SR,1993,1992,SR,1996,SF,Yes
WL,APP,Plot D,1993,July,280.10000000000002,118,SR,SR,1992,SR,1994,1992,SR,1996,SF,Yes
WL,APP,Plot D,1994,May,280.10000000000002,118,SR,SR,1993,SR,1995,1992,SR,1996,SF,Yes
WL,APP,Plot D,1995,July,280.10000000000002,118,SR,SR,1994,SF,1996,1992,SR,1996,SF,Yes
WL,APP,Plot D,1996,July,280.10000000000002,118,SF,SR,1995,Dead,NA,1992,SR,1996,SF,No
WL,APP,Plot D,1997,July,280.2,119,SR,First.Appearance,NA,inactive,1998,1997,SR,2000,SR,Yes
WL,APP,Plot D,1998,May,280.2,119,inactive,SR,1997,SR,1999,1997,SR,2000,SR,Yes
WL,APP,Plot D,1999,July,280.2,119,SR,inactive,1998,SR,2000,1997,SR,2000,SR,Yes
WL,APP,Plot D,2000,May,280.2,119,SR,SR,1999,Dead,NA,1997,SR,2000,SR,No
WL,APP,Plot D,1992,July,281,120,SR,First.Appearance,NA,Dead,NA,1992,SR,1992,SR,No
WL,APP,Plot D,2004,May,294,121,Seedling,First.Appearance,NA,SR,2005,2004,Seedling,2007,SR,Yes
WL,APP,Plot D,2005,July,294,121,SR,Seedling,2004,SR,2006,2004,Seedling,2007,SR,Yes
WL,APP,Plot D,2006,July,294,121,SR,SR,2005,SR,2007,2004,Seedling,2007,SR,Yes
WL,APP,Plot D,2007,July,294,121,SR,SR,2006,Dead,NA,2004,Seedling,2007,SR,No
WL,APP,Plot D,1995,July,340,122,SR,First.Appearance,NA,SR,1996,1995,SR,1998,SR,Yes
WL,APP,Plot D,1996,July,340,122,SR,SR,1995,SR,1997,1995,SR,1998,SR,Yes
WL,APP,Plot D,1997,July,340,122,SR,SR,1996,SR,1998,1995,SR,1998,SR,Yes
WL,APP,Plot D,1998,May,340,122,SR,SR,1997,Dead,NA,1995,SR,1998,SR,No
WL,APP,Plot D,1995,July,351,123,SR,First.Appearance,NA,Dead,NA,1995,SR,1995,SR,No
WL,APP,Plot D,1995,July,358.1,124,SR,First.Appearance,NA,Dead,NA,1995,SR,1995,SR,No
WL,APP,Plot D,1997,May,358.2,125,SR,First.Appearance,NA,Dead,NA,1997,SR,1997,SR,No
WL,APP,Plot D,1995,May,369,126,Seedling,First.Appearance,NA,Dead,NA,1995,Seedling,1995,Seedling,No
WL,APP,Plot D,1995,July,370.1,127,SR,First.Appearance,NA,SR,1996,1995,SR,2008,SF,Yes
WL,APP,Plot D,1996,July,370.1,127,SR,SR,1995,SR,1997,1995,SR,2008,SF,Yes
WL,APP,Plot D,1997,July,370.1,127,SR,SR,1996,inactive,1998,1995,SR,2008,SF,Yes
WL,APP,Plot D,1998,May,370.1,127,inactive,SR,1997,SR,1999,1995,SR,2008,SF,Yes
WL,APP,Plot D,1999,May,370.1,127,SR,inactive,1998,SR,2000,1995,SR,2008,SF,Yes
WL,APP,Plot D,2000,May,370.1,127,SR,SR,1999,inactive,2001,1995,SR,2008,SF,Yes
WL,APP,Plot D,2001,May,370.1,127,inactive,SR,2000,SR,2002,1995,SR,2008,SF,Yes
WL,APP,Plot D,2002,June,370.1,127,SR,inactive,2001,SR,2003,1995,SR,2008,SF,Yes
WL,APP,Plot D,2003,May,370.1,127,SR,SR,2002,SR,2004,1995,SR,2008,SF,Yes
WL,APP,Plot D,2004,May,370.1,127,SR,SR,2003,SR,2005,1995,SR,2008,SF,Yes
WL,APP,Plot D,2005,July,370.1,127,SR,SR,2004,SR,2006,1995,SR,2008,SF,Yes
WL,APP,Plot D,2006,July,370.1,127,SR,SR,2005,SR,2007,1995,SR,2008,SF,Yes
WL,APP,Plot D,2007,July,370.1,127,SR,SR,2006,SF,2008,1995,SR,2008,SF,Yes
WL,APP,Plot D,2008,June,370.1,127,SF,SR,2007,Dead,NA,1995,SR,2008,SF,No
WL,APP,Plot D,2009,June,370.2,128,SR,First.Appearance,NA,NA,NA,2009,SR,2009,SR,NA
WL,APP,Plot D,1995,July,371,129,SR,First.Appearance,NA,SR,1996,1995,SR,1997,SR,Yes
WL,APP,Plot D,1996,July,371,129,SR,SR,1995,SR,1997,1995,SR,1997,SR,Yes
WL,APP,Plot D,1997,May,371,129,SR,SR,1996,Dead,NA,1995,SR,1997,SR,No
WL,APP,Plot D,1995,May,373,130,Seedling,First.Appearance,NA,Dead,NA,1995,Seedling,1995,Seedling,No
WL,APP,Plot D,1997,July,376,131,SR,First.Appearance,NA,Dead,NA,1997,SR,1997,SR,No
WL,APP,Plot D,2006,July,389,132,SR,First.Appearance,NA,SR,2007,2006,SR,2008,SR,Yes
WL,APP,Plot D,2007,July,389,132,SR,SR,2006,SR,2008,2006,SR,2008,SR,Yes
WL,APP,Plot D,2008,June,389,132,SR,SR,2007,Dead,NA,2006,SR,2008,SR,No
WL,APP,Plot D,1995,May,392,133,Seedling,First.Appearance,NA,SR,1996,1995,Seedling,1996,SR,Yes
WL,APP,Plot D,1996,May,392,133,SR,Seedling,1995,Dead,NA,1995,Seedling,1996,SR,No
WL,APP,Plot D,1995,May,398,134,Seedling,First.Appearance,NA,Dead,NA,1995,Seedling,1995,Seedling,No
WL,APP,Plot D,1999,May,399,135,Seedling,First.Appearance,NA,Dead,NA,1999,Seedling,1999,Seedling,No
WL,APP,Plot D,1999,July,401.1,137,MR,First.Appearance,NA,SR,2000,1999,MR,2005,SR,Yes
WL,APP,Plot D,2000,May,401.1,137,SR,MR,1999,SR,2001,1999,MR,2005,SR,Yes
WL,APP,Plot D,2001,May,401.1,137,SR,SR,2000,SR,2002,1999,MR,2005,SR,Yes
WL,APP,Plot D,2002,June,401.1,137,SR,SR,2001,SR,2003,1999,MR,2005,SR,Yes
WL,APP,Plot D,2003,May,401.1,137,SR,SR,2002,SR,2004,1999,MR,2005,SR,Yes
WL,APP,Plot D,2004,May,401.1,137,SR,SR,2003,SR,2005,1999,MR,2005,SR,Yes
WL,APP,Plot D,2005,July,401.1,137,SR,SR,2004,Dead,NA,1999,MR,2005,SR,No
WL,APP,Plot D,2006,July,401.2,138,SR,First.Appearance,NA,SR,2007,2006,SR,2009,SR,Yes
WL,APP,Plot D,2007,July,401.2,138,SR,SR,2006,SR,2008,2006,SR,2009,SR,Yes
WL,APP,Plot D,2008,June,401.2,138,SR,SR,2007,SR,2009,2006,SR,2009,SR,Yes
WL,APP,Plot D,2009,June,401.2,138,SR,SR,2008,NA,NA,2006,SR,2009,SR,NA
WL,APP,Plot D,2004,May,410.1,139,SR,First.Appearance,NA,SR,2005,2004,SR,2007,SF,Yes
WL,APP,Plot D,2005,July,410.1,139,SR,SR,2004,SR,2006,2004,SR,2007,SF,Yes
WL,APP,Plot D,2006,July,410.1,139,SR,SR,2005,SF,2007,2004,SR,2007,SF,Yes
WL,APP,Plot D,2007,July,410.1,139,SF,SR,2006,Dead,NA,2004,SR,2007,SF,No
WL,APP,Plot D,2008,June,410.2,140,SR,First.Appearance,NA,Dead,NA,2008,SR,2008,SR,No
WL,APP,Plot D,1999,May,416,141,Seedling,First.Appearance,NA,Dead,NA,1999,Seedling,1999,Seedling,No
WL,APP,Plot D,1999,May,417,142,Seedling,First.Appearance,NA,Dead,NA,1999,Seedling,1999,Seedling,No
WL,APP,Plot D,1998,May,418,143,Seedling,First.Appearance,NA,SR,1999,1998,Seedling,2000,SR,Yes
WL,APP,Plot D,1999,July,418,143,SR,Seedling,1998,SR,2000,1998,Seedling,2000,SR,Yes
WL,APP,Plot D,2000,May,418,143,SR,SR,1999,Dead,NA,1998,Seedling,2000,SR,No
WL,APP,Plot D,1998,May,419,144,Seedling,First.Appearance,NA,Dead,NA,1998,Seedling,1998,Seedling,No
WL,APP,Plot D,1998,May,420,145,Seedling,First.Appearance,NA,SR,1999,1998,Seedling,1999,SR,Yes
WL,APP,Plot D,1999,July,420,145,SR,Seedling,1998,Dead,NA,1998,Seedling,1999,SR,No
WL,APP,Plot D,1998,May,421,146,Seedling,First.Appearance,NA,Dead,NA,1998,Seedling,1998,Seedling,No
WL,APP,Plot D,1998,July,422,147,SR,First.Appearance,NA,Dead,NA,1998,SR,1998,SR,No
WL,APP,Plot D,1998,May,423,148,SR,First.Appearance,NA,SR,1999,1998,SR,2000,SR,Yes
WL,APP,Plot D,1999,July,423,148,SR,SR,1998,SR,2000,1998,SR,2000,SR,Yes
WL,APP,Plot D,2000,May,423,148,SR,SR,1999,Dead,NA,1998,SR,2000,SR,No
WL,APP,Plot D,1998,July,424,149,SR,First.Appearance,NA,SR,1999,1998,SR,1999,SR,Yes
WL,APP,Plot D,1999,May,424,149,SR,SR,1998,Dead,NA,1998,SR,1999,SR,No
WL,APP,Plot D,2003,May,425,150,SR,First.Appearance,NA,Dead,NA,2003,SR,2003,SR,No
WL,APP,Plot D,1998,May,426,151,Seedling,First.Appearance,NA,Dead,NA,1998,Seedling,1998,Seedling,No
WL,APP,Plot D,2004,May,440.1,152,SR,First.Appearance,NA,Dead,NA,2004,SR,2004,SR,No
WL,APP,Plot D,2005,July,440.2,153,SR,First.Appearance,NA,inactive,2006,2005,SR,2008,SR,Yes
WL,APP,Plot D,2006,July,440.2,153,inactive,SR,2005,SR,2007,2005,SR,2008,SR,Yes
WL,APP,Plot D,2007,July,440.2,153,SR,inactive,2006,SR,2008,2005,SR,2008,SR,Yes
WL,APP,Plot D,2008,June,440.2,153,SR,SR,2007,Dead,NA,2005,SR,2008,SR,No
WL,APP,Plot D,2004,May,441,154,SR,First.Appearance,NA,SR,2005,2004,SR,2008,SR,Yes
WL,APP,Plot D,2005,July,441,154,SR,SR,2004,SR,2006,2004,SR,2008,SR,Yes
WL,APP,Plot D,2006,July,441,154,SR,SR,2005,SR,2007,2004,SR,2008,SR,Yes
WL,APP,Plot D,2007,July,441,154,SR,SR,2006,SR,2008,2004,SR,2008,SR,Yes
WL,APP,Plot D,2008,June,441,154,SR,SR,2007,Dead,NA,2004,SR,2008,SR,No
WL,APP,Plot D,1996,July,487,155,Seedling,First.Appearance,NA,SR,1997,1996,Seedling,1998,SR,Yes
WL,APP,Plot D,1997,July,487,155,SR,Seedling,1996,SR,1998,1996,Seedling,1998,SR,Yes
WL,APP,Plot D,1998,May,487,155,SR,SR,1997,Dead,NA,1996,Seedling,1998,SR,No
WL,APP,Plot D,1996,July,488.1,156,SR,First.Appearance,NA,Dead,NA,1996,SR,1996,SR,No
WL,APP,Plot D,1997,July,488.2,157,SR,First.Appearance,NA,Dead,NA,1997,SR,1997,SR,No
WL,APP,Plot D,2004,May,490,158,Seedling,First.Appearance,NA,SR,2005,2004,Seedling,2005,SR,Yes
WL,APP,Plot D,2005,July,490,158,SR,Seedling,2004,Dead,NA,2004,Seedling,2005,SR,No
WL,APP,Plot D,2005,July,491,159,Seedling,First.Appearance,NA,Dead,NA,2005,Seedling,2005,Seedling,No
WL,APP,Plot D,1992,July,497,160,SR,First.Appearance,NA,SR,1993,1992,SR,1994,SR,Yes
WL,APP,Plot D,1993,July,497,160,SR,SR,1992,SR,1994,1992,SR,1994,SR,Yes
WL,APP,Plot D,1994,July,497,160,SR,SR,1993,Dead,NA,1992,SR,1994,SR,No
WL,APP,Plot D,1992,July,498,161,SR,First.Appearance,NA,SR,1993,1992,SR,1995,SF,Yes
WL,APP,Plot D,1993,July,498,161,SR,SR,1992,MR,1994,1992,SR,1995,SF,Yes
WL,APP,Plot D,1994,May,498,161,MR,SR,1993,SF,1995,1992,SR,1995,SF,Yes
WL,APP,Plot D,1995,July,498,161,SF,MR,1994,Dead,NA,1992,SR,1995,SF,No
WL,APP,Plot D,1990,July,542.1,162,SR,No.record,NA,SF,1991,1990,SR,1991,SF,Yes
WL,APP,Plot D,1991,July,542.1,162,SF,SR,1990,Dead,NA,1990,SR,1991,SF,No
WL,APP,Plot D,1992,July,542.20000000000005,163,MR,First.Appearance,NA,Dead,NA,1992,MR,1992,MR,No
WL,APP,Plot D,1993,July,542.29999999999995,164,SR,First.Appearance,NA,MR,1994,1993,SR,1996,SR,Yes
WL,APP,Plot D,1994,May,542.29999999999995,164,MR,SR,1993,MR,1995,1993,SR,1996,SR,Yes
WL,APP,Plot D,1995,July,542.29999999999995,164,MR,MR,1994,SR,1996,1993,SR,1996,SR,Yes
WL,APP,Plot D,1996,May,542.29999999999995,164,SR,MR,1995,Dead,NA,1993,SR,1996,SR,No
WL,APP,Plot D,2005,July,621,165,SR,First.Appearance,NA,inactive,2006,2005,SR,2007,SR,Yes
WL,APP,Plot D,2006,July,621,165,inactive,SR,2005,SR,2007,2005,SR,2007,SR,Yes
WL,APP,Plot D,2007,July,621,165,SR,inactive,2006,Dead,NA,2005,SR,2007,SR,No
WL,APP,Plot D,2005,July,624,166,SR,First.Appearance,NA,SR,2006,2005,SR,2009,SR,Yes
WL,APP,Plot D,2006,July,624,166,SR,SR,2005,SR,2007,2005,SR,2009,SR,Yes
WL,APP,Plot D,2007,July,624,166,SR,SR,2006,SR,2008,2005,SR,2009,SR,Yes
WL,APP,Plot D,2008,June,624,166,SR,SR,2007,SR,2009,2005,SR,2009,SR,Yes
WL,APP,Plot D,2009,June,624,166,SR,SR,2008,NA,NA,2005,SR,2009,SR,NA
WL,APP,Plot D,2000,May,664,167,SR,First.Appearance,NA,SR,2001,2000,SR,2009,SR,Yes
WL,APP,Plot D,2001,May,664,167,SR,SR,2000,SR,2002,2000,SR,2009,SR,Yes
WL,APP,Plot D,2002,May,664,167,SR,SR,2001,SR,2003,2000,SR,2009,SR,Yes
WL,APP,Plot D,2003,May,664,167,SR,SR,2002,SR,2004,2000,SR,2009,SR,Yes
WL,APP,Plot D,2004,May,664,167,SR,SR,2003,SR,2005,2000,SR,2009,SR,Yes
WL,APP,Plot D,2005,July,664,167,SR,SR,2004,SR,2006,2000,SR,2009,SR,Yes
WL,APP,Plot D,2006,July,664,167,SR,SR,2005,SR,2007,2000,SR,2009,SR,Yes
WL,APP,Plot D,2007,July,664,167,SR,SR,2006,SR,2008,2000,SR,2009,SR,Yes
WL,APP,Plot D,2008,June,664,167,SR,SR,2007,SR,2009,2000,SR,2009,SR,Yes
WL,APP,Plot D,2009,June,664,167,SR,SR,2008,NA,NA,2000,SR,2009,SR,NA
WL,APP,Plot D,2005,July,669,168,SR,First.Appearance,NA,Dead,NA,2005,SR,2005,SR,No
WL,APP,Plot D,2005,July,675,169,SR,First.Appearance,NA,inactive,2006,2005,SR,2008,SR,Yes
WL,APP,Plot D,2006,July,675,169,inactive,SR,2005,SR,2007,2005,SR,2008,SR,Yes
WL,APP,Plot D,2007,July,675,169,SR,inactive,2006,SR,2008,2005,SR,2008,SR,Yes
WL,APP,Plot D,2008,June,675,169,SR,SR,2007,Dead,NA,2005,SR,2008,SR,No
WL,APP,Plot D,1991,July,685,170,SR,First.Appearance,NA,Dead,NA,1991,SR,1991,SR,No
WL,APP,Plot D,1991,July,687,171,SR,First.Appearance,NA,SR,1992,1991,SR,1992,SR,Yes
WL,APP,Plot D,1992,May,687,171,SR,SR,1991,Dead,NA,1991,SR,1992,SR,No
WL,APP,Plot D,1998,May,688,172,SR,First.Appearance,NA,Dead,NA,1998,SR,1998,SR,No
WL,APP,Plot D,2009,June,689,173,SR,First.Appearance,NA,NA,NA,2009,SR,2009,SR,NA
WL,APP,Plot D,2006,July,690,174,SR,First.Appearance,NA,SR,2007,2006,SR,2008,SR,Yes
WL,APP,Plot D,2007,July,690,174,SR,SR,2006,SR,2008,2006,SR,2008,SR,Yes
WL,APP,Plot D,2008,June,690,174,SR,SR,2007,Dead,NA,2006,SR,2008,SR,No
WL,APP,Plot D,2005,July,717,175,SR,First.Appearance,NA,SR,2006,2005,SR,2009,SR,Yes
WL,APP,Plot D,2006,July,717,175,SR,SR,2005,SR,2007,2005,SR,2009,SR,Yes
WL,APP,Plot D,2007,July,717,175,SR,SR,2006,SR,2008,2005,SR,2009,SR,Yes
WL,APP,Plot D,2008,June,717,175,SR,SR,2007,SR,2009,2005,SR,2009,SR,Yes
WL,APP,Plot D,2009,June,717,175,SR,SR,2008,NA,NA,2005,SR,2009,SR,NA
WL,APP,Plot D,2005,July,721,176,SR,First.Appearance,NA,SF,2006,2005,SR,2006,SF,Yes
WL,APP,Plot D,2006,July,721,176,SF,SR,2005,Dead,NA,2005,SR,2006,SF,No
WL,APP,Plot D,2006,July,804,177,SR,First.Appearance,NA,SR,2007,2006,SR,2009,SR,Yes
WL,APP,Plot D,2007,July,804,177,SR,SR,2006,SR,2008,2006,SR,2009,SR,Yes
WL,APP,Plot D,2008,June,804,177,SR,SR,2007,SR,2009,2006,SR,2009,SR,Yes
WL,APP,Plot D,2009,June,804,177,SR,SR,2008,NA,NA,2006,SR,2009,SR,NA
WL,APP,Plot D,1996,May,806,178,SR,First.Appearance,NA,Dead,NA,1996,SR,1996,SR,No
WL,APP,Plot D,1996,July,818,179,SR,First.Appearance,NA,SR,1997,1996,SR,1997,SR,Yes
WL,APP,Plot D,1997,May,818,179,SR,SR,1996,Dead,NA,1996,SR,1997,SR,No
WL,APP,Plot D,1991,July,871.1,180,SR,First.Appearance,NA,SR,1992,1991,SR,1992,SR,Yes
WL,APP,Plot D,1992,July,871.1,180,SR,SR,1991,Dead,NA,1991,SR,1992,SR,No
WL,APP,Plot D,1994,July,871.2,181,SR,First.Appearance,NA,Dead,NA,1994,SR,1994,SR,No
WL,APP,Plot D,1991,May,872,182,Seedling,First.Appearance,NA,SR,1992,1991,Seedling,1992,SR,Yes
WL,APP,Plot D,1992,July,872,182,SR,Seedling,1991,Dead,NA,1991,Seedling,1992,SR,No
WL,APP,Plot D,1991,May,873,183,Seedling,First.Appearance,NA,SR,1992,1991,Seedling,1992,SR,Yes
WL,APP,Plot D,1992,May,873,183,SR,Seedling,1991,Dead,NA,1991,Seedling,1992,SR,No
WL,APP,Plot D,1991,May,874,184,SR,First.Appearance,NA,SR,1992,1991,SR,1992,SR,Yes
WL,APP,Plot D,1992,July,874,184,SR,SR,1991,Dead,NA,1991,SR,1992,SR,No
WL,APP,Plot D,1991,July,876.1,185,SR,First.Appearance,NA,SR,1992,1991,SR,1995,SF,Yes
WL,APP,Plot D,1992,May,876.1,185,SR,SR,1991,SR,1993,1991,SR,1995,SF,Yes
WL,APP,Plot D,1993,July,876.1,185,SR,SR,1992,SR,1994,1991,SR,1995,SF,Yes
WL,APP,Plot D,1994,May,876.1,185,SR,SR,1993,SF,1995,1991,SR,1995,SF,Yes
WL,APP,Plot D,1995,May,876.1,185,SF,SR,1994,Dead,NA,1991,SR,1995,SF,No
WL,APP,Plot D,1996,May,876.2,186,SR,First.Appearance,NA,SR,1997,1996,SR,2000,SF,Yes
WL,APP,Plot D,1997,May,876.2,186,SR,SR,1996,SR,1998,1996,SR,2000,SF,Yes
WL,APP,Plot D,1998,May,876.2,186,SR,SR,1997,inactive,1999,1996,SR,2000,SF,Yes
WL,APP,Plot D,1999,May,876.2,186,inactive,SR,1998,SF,2000,1996,SR,2000,SF,Yes
WL,APP,Plot D,2000,July,876.2,186,SF,inactive,1999,Dead,NA,1996,SR,2000,SF,No
WL,APP,Plot D,2001,July,876.3,187,SF,First.Appearance,NA,Dead,NA,2001,SF,2001,SF,No
WL,APP,Plot D,2002,May,876.4,188,SR,First.Appearance,NA,Dead,NA,2002,SR,2002,SR,No
WL,APP,Plot D,1991,July,877.1,189,SR,First.Appearance,NA,SR,1992,1991,SR,1993,SF,Yes
WL,APP,Plot D,1992,July,877.1,189,SR,SR,1991,SF,1993,1991,SR,1993,SF,Yes
WL,APP,Plot D,1993,July,877.1,189,SF,SR,1992,Dead,NA,1991,SR,1993,SF,No
WL,APP,Plot D,1995,May,877.2,190,SR,First.Appearance,NA,Dead,NA,1995,SR,1995,SR,No
WL,APP,Plot D,1991,July,897,191,SR,First.Appearance,NA,Dead,NA,1991,SR,1991,SR,No
WL,APP,Plot D,2005,July,920.1,192,SR,First.Appearance,NA,SR,2006,2005,SR,2007,SF,Yes
WL,APP,Plot D,2006,July,920.1,192,SR,SR,2005,SF,2007,2005,SR,2007,SF,Yes
WL,APP,Plot D,2007,July,920.1,192,SF,SR,2006,Dead,NA,2005,SR,2007,SF,No
WL,APP,Plot D,2008,June,920.2,193,SR,First.Appearance,NA,Dead,NA,2008,SR,2008,SR,No
WL,APP,Plot D,2005,July,953,194,SR,First.Appearance,NA,SR,2006,2005,SR,2006,SR,Yes
WL,APP,Plot D,2006,July,953,194,SR,SR,2005,Dead,NA,2005,SR,2006,SR,No
WL,APP,Plot D,2000,May,1113.0999999999999,195,SR,First.Appearance,NA,SR,2001,2000,SR,2002,MR,Yes
WL,APP,Plot D,2001,May,1113.0999999999999,195,SR,SR,2000,MR,2002,2000,SR,2002,MR,Yes
WL,APP,Plot D,2002,June,1113.0999999999999,195,MR,SR,2001,Dead,NA,2000,SR,2002,MR,No
WL,APP,Plot D,2003,May,1113.2,196,SR,First.Appearance,NA,Dead,NA,2003,SR,2003,SR,No
WL,APP,Plot D,2005,July,1157,197,SR,First.Appearance,NA,SR,2006,2005,SR,2008,SR,Yes
WL,APP,Plot D,2006,July,1157,197,SR,SR,2005,SR,2007,2005,SR,2008,SR,Yes
WL,APP,Plot D,2007,July,1157,197,SR,SR,2006,SR,2008,2005,SR,2008,SR,Yes
WL,APP,Plot D,2008,June,1157,197,SR,SR,2007,Dead,NA,2005,SR,2008,SR,No
WL,APP,Plot D,1994,July,1158,198,SR,First.Appearance,NA,Dead,NA,1994,SR,1994,SR,No
WL,APP,Plot D,1994,July,1173,199,SR,First.Appearance,NA,SR,1995,1994,SR,1996,SR,Yes
WL,APP,Plot D,1995,May,1173,199,SR,SR,1994,SR,1996,1994,SR,1996,SR,Yes
WL,APP,Plot D,1996,July,1173,199,SR,SR,1995,Dead,NA,1994,SR,1996,SR,No
WL,APP,Plot D,1994,July,1174,200,SR,First.Appearance,NA,SR,1995,1994,SR,1997,SR,Yes
WL,APP,Plot D,1995,July,1174,200,SR,SR,1994,MR,1996,1994,SR,1997,SR,Yes
WL,APP,Plot D,1996,May,1174,200,MR,SR,1995,SR,1997,1994,SR,1997,SR,Yes
WL,APP,Plot D,1997,May,1174,200,SR,MR,1996,Dead,NA,1994,SR,1997,SR,No
WL,APP,Plot D,2005,July,1175,201,SR,First.Appearance,NA,Dead,NA,2005,SR,2005,SR,No
WL,APP,Plot D,1994,July,1176,202,SR,First.Appearance,NA,SR,1995,1994,SR,1997,SR,Yes
WL,APP,Plot D,1995,May,1176,202,SR,SR,1994,SR,1996,1994,SR,1997,SR,Yes
WL,APP,Plot D,1996,July,1176,202,SR,SR,1995,SR,1997,1994,SR,1997,SR,Yes
WL,APP,Plot D,1997,May,1176,202,SR,SR,1996,Dead,NA,1994,SR,1997,SR,No
WL,APP,Plot D,1994,July,1178,203,SR,First.Appearance,NA,Dead,NA,1994,SR,1994,SR,No
WL,APP,Plot D,1994,July,1179,204,SR,First.Appearance,NA,SR,1995,1994,SR,1996,SR,Yes
WL,APP,Plot D,1995,July,1179,204,SR,SR,1994,SR,1996,1994,SR,1996,SR,Yes
WL,APP,Plot D,1996,July,1179,204,SR,SR,1995,Dead,NA,1994,SR,1996,SR,No
WL,APP,Plot D,1994,July,1180.0999999999999,205,SR,First.Appearance,NA,SR,1995,1994,SR,1995,SR,Yes
WL,APP,Plot D,1995,July,1180.0999999999999,205,SR,SR,1994,Dead,NA,1994,SR,1995,SR,No
WL,APP,Plot D,1996,July,1180.2,206,SR,First.Appearance,NA,SR,1997,1996,SR,2000,SR,Yes
WL,APP,Plot D,1997,July,1180.2,206,SR,SR,1996,SR,1998,1996,SR,2000,SR,Yes
WL,APP,Plot D,1998,July,1180.2,206,SR,SR,1997,SR,1999,1996,SR,2000,SR,Yes
WL,APP,Plot D,1999,July,1180.2,206,SR,SR,1998,SR,2000,1996,SR,2000,SR,Yes
WL,APP,Plot D,2000,May,1180.2,206,SR,SR,1999,Dead,NA,1996,SR,2000,SR,No
WL,APP,Plot D,1994,July,1182.0999999999999,207,SR,First.Appearance,NA,SR,1995,1994,SR,2001,SF,Yes
WL,APP,Plot D,1995,July,1182.0999999999999,207,SR,SR,1994,SR,1996,1994,SR,2001,SF,Yes
WL,APP,Plot D,1996,July,1182.0999999999999,207,SR,SR,1995,SR,1997,1994,SR,2001,SF,Yes
WL,APP,Plot D,1997,July,1182.0999999999999,207,SR,SR,1996,SR,1998,1994,SR,2001,SF,Yes
WL,APP,Plot D,1998,July,1182.0999999999999,207,SR,SR,1997,SR,1999,1994,SR,2001,SF,Yes
WL,APP,Plot D,1999,July,1182.0999999999999,207,SR,SR,1998,SR,2000,1994,SR,2001,SF,Yes
WL,APP,Plot D,2000,May,1182.0999999999999,207,SR,SR,1999,SF,2001,1994,SR,2001,SF,Yes
WL,APP,Plot D,2001,July,1182.0999999999999,207,SF,SR,2000,Dead,NA,1994,SR,2001,SF,No
WL,APP,Plot D,2002,May,1182.2,208,SR,First.Appearance,NA,SF,2003,2002,SR,2003,SF,Yes
WL,APP,Plot D,2003,July,1182.2,208,SF,SR,2002,Dead,NA,2002,SR,2003,SF,No
WL,APP,Plot D,2004,May,1182.3,209,SR,First.Appearance,NA,Dead,NA,2004,SR,2004,SR,No
WL,APP,Plot D,1994,July,1183.0999999999999,210,SR,First.Appearance,NA,SR,1995,1994,SR,1995,SR,Yes
WL,APP,Plot D,1995,July,1183.0999999999999,210,SR,SR,1994,Dead,NA,1994,SR,1995,SR,No
WL,APP,Plot D,1996,May,1183.2,211,SR,First.Appearance,NA,SR,1997,1996,SR,1997,SR,Yes
WL,APP,Plot D,1997,July,1183.2,211,SR,SR,1996,Dead,NA,1996,SR,1997,SR,No
WL,APP,Plot D,1994,July,1186.0999999999999,212,SR,First.Appearance,NA,SR,1995,1994,SR,1998,SF,Yes
WL,APP,Plot D,1995,July,1186.0999999999999,212,SR,SR,1994,SR,1996,1994,SR,1998,SF,Yes
WL,APP,Plot D,1996,July,1186.0999999999999,212,SR,SR,1995,SR,1997,1994,SR,1998,SF,Yes
WL,APP,Plot D,1997,July,1186.0999999999999,212,SR,SR,1996,SF,1998,1994,SR,1998,SF,Yes
WL,APP,Plot D,1998,July,1186.0999999999999,212,SF,SR,1997,Dead,NA,1994,SR,1998,SF,No
WL,APP,Plot D,1999,July,1186.2,213,SR,First.Appearance,NA,SR,2000,1999,SR,2000,SR,Yes
WL,APP,Plot D,2000,May,1186.2,213,SR,SR,1999,Dead,NA,1999,SR,2000,SR,No
WL,APP,Plot D,2002,June,1186.3,214,SR,First.Appearance,NA,Dead,NA,2002,SR,2002,SR,No
WL,APP,Plot D,1994,July,1187,215,SR,First.Appearance,NA,SR,1995,1994,SR,1995,SR,Yes
WL,APP,Plot D,1995,May,1187,215,SR,SR,1994,Dead,NA,1994,SR,1995,SR,No
WL,APP,Plot D,1995,July,1197.0999999999999,216,SR,First.Appearance,NA,SR,1996,1995,SR,1997,SF,Yes
WL,APP,Plot D,1996,July,1197.0999999999999,216,SR,SR,1995,SF,1997,1995,SR,1997,SF,Yes
WL,APP,Plot D,1997,July,1197.0999999999999,216,SF,SR,1996,Dead,NA,1995,SR,1997,SF,No
WL,APP,Plot D,1998,July,1197.2,217,SR,First.Appearance,NA,SR,1999,1998,SR,1999,SR,Yes
WL,APP,Plot D,1999,May,1197.2,217,SR,SR,1998,Dead,NA,1998,SR,1999,SR,No
WL,APP,Plot D,2004,May,1400,218,SR,First.Appearance,NA,Dead,NA,2004,SR,2004,SR,No
WL,APP,Plot D,2002,May,1713,219,SR,First.Appearance,NA,Dead,NA,2002,SR,2002,SR,No
WL,APP,Plot D,2004,May,1756,220,SR,First.Appearance,NA,inactive,2005,2004,SR,2008,SR,Yes
WL,APP,Plot D,2005,July,1756,220,inactive,SR,2004,SR,2006,2004,SR,2008,SR,Yes
WL,APP,Plot D,2006,July,1756,220,SR,inactive,2005,SR,2007,2004,SR,2008,SR,Yes
WL,APP,Plot D,2007,July,1756,220,SR,SR,2006,SR,2008,2004,SR,2008,SR,Yes
WL,APP,Plot D,2008,June,1756,220,SR,SR,2007,Dead,NA,2004,SR,2008,SR,No
WL,APP,Plot D,2004,May,1765,221,Seedling,First.Appearance,NA,SR,2005,2004,Seedling,2008,SR,Yes
WL,APP,Plot D,2005,July,1765,221,SR,Seedling,2004,SR,2006,2004,Seedling,2008,SR,Yes
WL,APP,Plot D,2006,July,1765,221,SR,SR,2005,SR,2007,2004,Seedling,2008,SR,Yes
WL,APP,Plot D,2007,July,1765,221,SR,SR,2006,SR,2008,2004,Seedling,2008,SR,Yes
WL,APP,Plot D,2008,June,1765,221,SR,SR,2007,Dead,NA,2004,Seedling,2008,SR,No
WL,APP,Plot D,1994,May,1768,222,SR,First.Appearance,NA,Dead,NA,1994,SR,1994,SR,No
WL,APP,Plot D,1994,May,1769,223,SR,First.Appearance,NA,Dead,NA,1994,SR,1994,SR,No
WL,APP,Plot D,1994,May,1770,224,SR,First.Appearance,NA,Dead,NA,1994,SR,1994,SR,No
WL,APP,Plot D,1994,May,1771,225,SR,First.Appearance,NA,Dead,NA,1994,SR,1994,SR,No
WL,APP,Plot D,1994,July,1772.1,226,SR,First.Appearance,NA,Dead,NA,1994,SR,1994,SR,No
WL,APP,Plot D,1996,July,1772.2,227,SR,First.Appearance,NA,Dead,NA,1996,SR,1996,SR,No
WL,APP,Plot D,1994,July,1773,228,SR,First.Appearance,NA,SR,1995,1994,SR,1995,SR,Yes
WL,APP,Plot D,1995,July,1773,228,SR,SR,1994,Dead,NA,1994,SR,1995,SR,No
WL,APP,Plot D,1994,July,1774.1,229,SR,First.Appearance,NA,SR,1995,1994,SR,1999,SF,Yes
WL,APP,Plot D,1995,July,1774.1,229,SR,SR,1994,inactive,1996,1994,SR,1999,SF,Yes
WL,APP,Plot D,1996,May,1774.1,229,inactive,SR,1995,SR,1997,1994,SR,1999,SF,Yes
WL,APP,Plot D,1997,May,1774.1,229,SR,inactive,1996,SR,1998,1994,SR,1999,SF,Yes
WL,APP,Plot D,1998,July,1774.1,229,SR,SR,1997,SF,1999,1994,SR,1999,SF,Yes
WL,APP,Plot D,1999,July,1774.1,229,SF,SR,1998,Dead,NA,1994,SR,1999,SF,No
WL,APP,Plot D,2000,May,1774.2,230,SR,First.Appearance,NA,SR,2001,2000,SR,2002,MR,Yes
WL,APP,Plot D,2001,May,1774.2,230,SR,SR,2000,MR,2002,2000,SR,2002,MR,Yes
WL,APP,Plot D,2002,June,1774.2,230,MR,SR,2001,Dead,NA,2000,SR,2002,MR,No
WL,APP,Plot D,2004,May,1776,231,Seedling,First.Appearance,NA,SR,2005,2004,Seedling,2005,SR,Yes
WL,APP,Plot D,2005,July,1776,231,SR,Seedling,2004,Dead,NA,2004,Seedling,2005,SR,No
WL,APP,Plot D,2005,July,1778.1,232,SR,First.Appearance,NA,Dead,NA,2005,SR,2005,SR,No
WL,APP,Plot D,2006,July,1778.2,233,SR,First.Appearance,NA,SR,2007,2006,SR,2009,SR,Yes
WL,APP,Plot D,2007,July,1778.2,233,SR,SR,2006,SR,2008,2006,SR,2009,SR,Yes
WL,APP,Plot D,2008,June,1778.2,233,SR,SR,2007,SR,2009,2006,SR,2009,SR,Yes
WL,APP,Plot D,2009,June,1778.2,233,SR,SR,2008,NA,NA,2006,SR,2009,SR,NA
WL,APP,Plot D,2005,July,1779,234,SR,First.Appearance,NA,SR,2006,2005,SR,2008,SR,Yes
WL,APP,Plot D,2006,July,1779,234,SR,SR,2005,SR,2007,2005,SR,2008,SR,Yes
WL,APP,Plot D,2007,July,1779,234,SR,SR,2006,SR,2008,2005,SR,2008,SR,Yes
WL,APP,Plot D,2008,June,1779,234,SR,SR,2007,Dead,NA,2005,SR,2008,SR,No
WL,APP,Plot D,2002,May,1780,235,SR,First.Appearance,NA,Dead,NA,2002,SR,2002,SR,No
WL,APP,Plot D,2002,June,1781,236,SR,First.Appearance,NA,SR,2003,2002,SR,2003,SR,Yes
WL,APP,Plot D,2003,May,1781,236,SR,SR,2002,Dead,NA,2002,SR,2003,SR,No
WL,APP,Plot D,2004,May,1784,237,SR,First.Appearance,NA,SR,2005,2004,SR,2006,SR,Yes
WL,APP,Plot D,2005,July,1784,237,SR,SR,2004,SR,2006,2004,SR,2006,SR,Yes
WL,APP,Plot D,2006,July,1784,237,SR,SR,2005,Dead,NA,2004,SR,2006,SR,No
WL,APP,Plot D,2004,May,1785,238,Seedling,First.Appearance,NA,SR,2005,2004,Seedling,2008,SR,Yes
WL,APP,Plot D,2005,July,1785,238,SR,Seedling,2004,SR,2006,2004,Seedling,2008,SR,Yes
WL,APP,Plot D,2006,July,1785,238,SR,SR,2005,SR,2007,2004,Seedling,2008,SR,Yes
WL,APP,Plot D,2007,July,1785,238,SR,SR,2006,SR,2008,2004,Seedling,2008,SR,Yes
WL,APP,Plot D,2008,June,1785,238,SR,SR,2007,Dead,NA,2004,Seedling,2008,SR,No
WL,APP,Plot D,1994,July,1850.1,239,SR,First.Appearance,NA,SF,1995,1994,SR,1995,SF,Yes
WL,APP,Plot D,1995,July,1850.1,239,SF,SR,1994,Dead,NA,1994,SR,1995,SF,No
WL,APP,Plot D,1996,July,1850.2,240,SR,First.Appearance,NA,SF,1997,1996,SR,1997,SF,Yes
WL,APP,Plot D,1997,July,1850.2,240,SF,SR,1996,Dead,NA,1996,SR,1997,SF,No
WL,APP,Plot D,1998,July,1850.3,241,SR,First.Appearance,NA,SF,1999,1998,SR,1999,SF,Yes
WL,APP,Plot D,1999,July,1850.3,241,SF,SR,1998,Dead,NA,1998,SR,1999,SF,No
WL,APP,Plot D,2000,May,1850.4,242,SR,First.Appearance,NA,SF,2001,2000,SR,2001,SF,Yes
WL,APP,Plot D,2001,July,1850.4,242,SF,SR,2000,Dead,NA,2000,SR,2001,SF,No
WL,APP,Plot D,2002,June,1850.5,243,SR,First.Appearance,NA,SR,2003,2002,SR,2005,SF,Yes
WL,APP,Plot D,2003,May,1850.5,243,SR,SR,2002,SR,2004,2002,SR,2005,SF,Yes
WL,APP,Plot D,2004,May,1850.5,243,SR,SR,2003,SF,2005,2002,SR,2005,SF,Yes
WL,APP,Plot D,2005,July,1850.5,243,SF,SR,2004,Dead,NA,2002,SR,2005,SF,No
WL,APP,Plot D,2006,July,1850.6,244,SR,First.Appearance,NA,Dead,NA,2006,SR,2006,SR,No
WL,APP,Plot D,1994,July,1851,245,SR,First.Appearance,NA,Dead,NA,1994,SR,1994,SR,No
WL,APP,Plot D,1994,May,1852,246,SR,First.Appearance,NA,Dead,NA,1994,SR,1994,SR,No
WL,APP,Plot D,1994,May,1853,247,SR,First.Appearance,NA,Dead,NA,1994,SR,1994,SR,No
WL,APP,Plot D,1994,May,1854,248,SR,First.Appearance,NA,Dead,NA,1994,SR,1994,SR,No
WL,APP,Plot D,1994,May,1855,249,SR,First.Appearance,NA,Dead,NA,1994,SR,1994,SR,No
WL,APP,Plot D,1994,May,1856,250,SR,First.Appearance,NA,SR,1995,1994,SR,1995,SR,Yes
WL,APP,Plot D,1995,May,1856,250,SR,SR,1994,Dead,NA,1994,SR,1995,SR,No
WL,APP,Plot D,1994,May,1857,251,SR,First.Appearance,NA,Dead,NA,1994,SR,1994,SR,No
WL,APP,Plot D,1994,July,1858.1,252,SR,First.Appearance,NA,Dead,NA,1994,SR,1994,SR,No
WL,APP,Plot D,1997,July,1858.2,253,SR,First.Appearance,NA,SR,1998,1997,SR,1998,SR,Yes
WL,APP,Plot D,1998,May,1858.2,253,SR,SR,1997,Dead,NA,1997,SR,1998,SR,No
WL,APP,Plot D,1994,May,1859,254,SR,First.Appearance,NA,SR,1995,1994,SR,1995,SR,Yes
WL,APP,Plot D,1995,July,1859,254,SR,SR,1994,Dead,NA,1994,SR,1995,SR,No
WL,APP,Plot D,1994,May,1860,255,SR,First.Appearance,NA,Dead,NA,1994,SR,1994,SR,No
WL,APP,Plot D,1994,May,1861,256,SR,First.Appearance,NA,Dead,NA,1994,SR,1994,SR,No
WL,APP,Plot D,2007,July,7001,257,SR,First.Appearance,NA,not.tagged,2008,2007,SR,2009,not.tagged,NA
WL,APP,Plot D,2008,June,7001,257,not.tagged,SR,2007,not.tagged,2009,2007,SR,2009,not.tagged,NA
WL,APP,Plot D,2009,June,7001,257,not.tagged,not.tagged,2008,Dead,NA,2007,SR,2009,not.tagged,NA
WL,APP,Plot D,2007,July,7002,258,SR,First.Appearance,NA,not.tagged,2008,2007,SR,2009,not.tagged,NA
WL,APP,Plot D,2008,June,7002,258,not.tagged,SR,2007,not.tagged,2009,2007,SR,2009,not.tagged,NA
WL,APP,Plot D,2009,June,7002,258,not.tagged,not.tagged,2008,Dead,NA,2007,SR,2009,not.tagged,NA
WL,APP,Plot D,2007,July,7003,259,SR,First.Appearance,NA,not.tagged,2008,2007,SR,2009,not.tagged,NA
WL,APP,Plot D,2008,June,7003,259,not.tagged,SR,2007,not.tagged,2009,2007,SR,2009,not.tagged,NA
WL,APP,Plot D,2009,June,7003,259,not.tagged,not.tagged,2008,Dead,NA,2007,SR,2009,not.tagged,NA
WL,APP,Plot D,2007,July,7004,260,SR,First.Appearance,NA,not.tagged,2008,2007,SR,2009,not.tagged,NA
WL,APP,Plot D,2008,June,7004,260,not.tagged,SR,2007,not.tagged,2009,2007,SR,2009,not.tagged,NA
WL,APP,Plot D,2009,June,7004,260,not.tagged,not.tagged,2008,Dead,NA,2007,SR,2009,not.tagged,NA
WL,APP,Plot D,2007,July,7005,261,SR,First.Appearance,NA,not.tagged,2008,2007,SR,2009,not.tagged,NA
WL,APP,Plot D,2008,June,7005,261,not.tagged,SR,2007,not.tagged,2009,2007,SR,2009,not.tagged,NA
WL,APP,Plot D,2009,June,7005,261,not.tagged,not.tagged,2008,Dead,NA,2007,SR,2009,not.tagged,NA
WL,APP,Plot D,2007,July,7006,262,SR,First.Appearance,NA,not.tagged,2008,2007,SR,2009,not.tagged,NA
WL,APP,Plot D,2008,June,7006,262,not.tagged,SR,2007,not.tagged,2009,2007,SR,2009,not.tagged,NA
WL,APP,Plot D,2009,June,7006,262,not.tagged,not.tagged,2008,Dead,NA,2007,SR,2009,not.tagged,NA
WL,APP,Plot D,2007,July,7007,263,SR,First.Appearance,NA,not.tagged,2008,2007,SR,2009,not.tagged,NA
WL,APP,Plot D,2008,June,7007,263,not.tagged,SR,2007,not.tagged,2009,2007,SR,2009,not.tagged,NA
WL,APP,Plot D,2009,June,7007,263,not.tagged,not.tagged,2008,Dead,NA,2007,SR,2009,not.tagged,NA
WL,APP,Plot D,2007,July,7008,264,SR,First.Appearance,NA,not.tagged,2008,2007,SR,2009,not.tagged,NA
WL,APP,Plot D,2008,June,7008,264,not.tagged,SR,2007,not.tagged,2009,2007,SR,2009,not.tagged,NA
WL,APP,Plot D,2009,June,7008,264,not.tagged,not.tagged,2008,Dead,NA,2007,SR,2009,not.tagged,NA
WL,APP,Plot D,2007,July,7009,265,SR,First.Appearance,NA,not.tagged,2008,2007,SR,2009,not.tagged,NA
WL,APP,Plot D,2008,June,7009,265,not.tagged,SR,2007,not.tagged,2009,2007,SR,2009,not.tagged,NA
WL,APP,Plot D,2009,June,7009,265,not.tagged,not.tagged,2008,Dead,NA,2007,SR,2009,not.tagged,NA
WL,APP,Plot D,2007,July,7010,266,SR,First.Appearance,NA,not.tagged,2008,2007,SR,2009,not.tagged,NA
WL,APP,Plot D,2008,June,7010,266,not.tagged,SR,2007,not.tagged,2009,2007,SR,2009,not.tagged,NA
WL,APP,Plot D,2009,June,7010,266,not.tagged,not.tagged,2008,Dead,NA,2007,SR,2009,not.tagged,NA
WL,APP,Plot D,2007,July,7011,267,SR,First.Appearance,NA,not.tagged,2008,2007,SR,2009,not.tagged,NA
WL,APP,Plot D,2008,June,7011,267,not.tagged,SR,2007,not.tagged,2009,2007,SR,2009,not.tagged,NA
WL,APP,Plot D,2009,June,7011,267,not.tagged,not.tagged,2008,Dead,NA,2007,SR,2009,not.tagged,NA
WL,APP,Plot D,2007,July,7012,268,SR,First.Appearance,NA,not.tagged,2008,2007,SR,2009,not.tagged,NA
WL,APP,Plot D,2008,June,7012,268,not.tagged,SR,2007,not.tagged,2009,2007,SR,2009,not.tagged,NA
WL,APP,Plot D,2009,June,7012,268,not.tagged,not.tagged,2008,Dead,NA,2007,SR,2009,not.tagged,NA
WL,APP,Plot D,2007,July,7013,269,SR,First.Appearance,NA,not.tagged,2008,2007,SR,2009,not.tagged,NA
WL,APP,Plot D,2008,June,7013,269,not.tagged,SR,2007,not.tagged,2009,2007,SR,2009,not.tagged,NA
WL,APP,Plot D,2009,June,7013,269,not.tagged,not.tagged,2008,Dead,NA,2007,SR,2009,not.tagged,NA
WL,APP,Plot D,2007,July,7014,270,SR,First.Appearance,NA,not.tagged,2008,2007,SR,2009,not.tagged,NA
WL,APP,Plot D,2008,June,7014,270,not.tagged,SR,2007,not.tagged,2009,2007,SR,2009,not.tagged,NA
WL,APP,Plot D,2009,June,7014,270,not.tagged,not.tagged,2008,Dead,NA,2007,SR,2009,not.tagged,NA
WL,APP,Plot D,2007,July,7015,271,SR,First.Appearance,NA,not.tagged,2008,2007,SR,2009,not.tagged,NA
WL,APP,Plot D,2008,June,7015,271,not.tagged,SR,2007,not.tagged,2009,2007,SR,2009,not.tagged,NA
WL,APP,Plot D,2009,June,7015,271,not.tagged,not.tagged,2008,Dead,NA,2007,SR,2009,not.tagged,NA
WL,APP,Plot D,2007,July,7016,272,SR,First.Appearance,NA,not.tagged,2008,2007,SR,2009,not.tagged,NA
WL,APP,Plot D,2008,June,7016,272,not.tagged,SR,2007,not.tagged,2009,2007,SR,2009,not.tagged,NA
WL,APP,Plot D,2009,June,7016,272,not.tagged,not.tagged,2008,Dead,NA,2007,SR,2009,not.tagged,NA
WL,APP,Plot D,2007,July,7017,273,SR,First.Appearance,NA,not.tagged,2008,2007,SR,2009,not.tagged,NA
WL,APP,Plot D,2008,June,7017,273,not.tagged,SR,2007,not.tagged,2009,2007,SR,2009,not.tagged,NA
WL,APP,Plot D,2009,June,7017,273,not.tagged,not.tagged,2008,Dead,NA,2007,SR,2009,not.tagged,NA
WL,APP,Plot D,2007,July,7018,274,SR,First.Appearance,NA,not.tagged,2008,2007,SR,2009,not.tagged,NA
WL,APP,Plot D,2008,June,7018,274,not.tagged,SR,2007,not.tagged,2009,2007,SR,2009,not.tagged,NA
WL,APP,Plot D,2009,June,7018,274,not.tagged,not.tagged,2008,Dead,NA,2007,SR,2009,not.tagged,NA
WL,APP,Plot D,2007,July,7019,275,SR,First.Appearance,NA,not.tagged,2008,2007,SR,2009,not.tagged,NA
WL,APP,Plot D,2008,June,7019,275,not.tagged,SR,2007,not.tagged,2009,2007,SR,2009,not.tagged,NA
WL,APP,Plot D,2009,June,7019,275,not.tagged,not.tagged,2008,Dead,NA,2007,SR,2009,not.tagged,NA
WL,APP,Plot D,2007,July,7020,276,SR,First.Appearance,NA,not.tagged,2008,2007,SR,2009,not.tagged,NA
WL,APP,Plot D,2008,June,7020,276,not.tagged,SR,2007,not.tagged,2009,2007,SR,2009,not.tagged,NA
WL,APP,Plot D,2009,June,7020,276,not.tagged,not.tagged,2008,Dead,NA,2007,SR,2009,not.tagged,NA
WL,APP,Plot D,2007,July,7021,277,SR,First.Appearance,NA,not.tagged,2008,2007,SR,2009,not.tagged,NA
WL,APP,Plot D,2008,June,7021,277,not.tagged,SR,2007,not.tagged,2009,2007,SR,2009,not.tagged,NA
WL,APP,Plot D,2009,June,7021,277,not.tagged,not.tagged,2008,Dead,NA,2007,SR,2009,not.tagged,NA
WL,APP,Plot D,2007,July,7022,278,SR,First.Appearance,NA,not.tagged,2008,2007,SR,2009,not.tagged,NA
WL,APP,Plot D,2008,June,7022,278,not.tagged,SR,2007,not.tagged,2009,2007,SR,2009,not.tagged,NA
WL,APP,Plot D,2009,June,7022,278,not.tagged,not.tagged,2008,Dead,NA,2007,SR,2009,not.tagged,NA
WL,APP,Plot D,2007,July,7023,279,SR,First.Appearance,NA,not.tagged,2008,2007,SR,2009,not.tagged,NA
WL,APP,Plot D,2008,June,7023,279,not.tagged,SR,2007,not.tagged,2009,2007,SR,2009,not.tagged,NA
WL,APP,Plot D,2009,June,7023,279,not.tagged,not.tagged,2008,Dead,NA,2007,SR,2009,not.tagged,NA
WL,APP,Plot D,2007,July,7024,280,SR,First.Appearance,NA,not.tagged,2008,2007,SR,2009,not.tagged,NA
WL,APP,Plot D,2008,June,7024,280,not.tagged,SR,2007,not.tagged,2009,2007,SR,2009,not.tagged,NA
WL,APP,Plot D,2009,June,7024,280,not.tagged,not.tagged,2008,Dead,NA,2007,SR,2009,not.tagged,NA
WL,APP,Plot D,2007,July,7025,281,SR,First.Appearance,NA,not.tagged,2008,2007,SR,2009,not.tagged,NA
WL,APP,Plot D,2008,June,7025,281,not.tagged,SR,2007,not.tagged,2009,2007,SR,2009,not.tagged,NA
WL,APP,Plot D,2009,June,7025,281,not.tagged,not.tagged,2008,Dead,NA,2007,SR,2009,not.tagged,NA
WL,APP,Plot D,2007,July,7026,282,SR,First.Appearance,NA,not.tagged,2008,2007,SR,2009,not.tagged,NA
WL,APP,Plot D,2008,June,7026,282,not.tagged,SR,2007,not.tagged,2009,2007,SR,2009,not.tagged,NA
WL,APP,Plot D,2009,June,7026,282,not.tagged,not.tagged,2008,Dead,NA,2007,SR,2009,not.tagged,NA
WL,APP,Plot D,2007,July,7027,283,SR,First.Appearance,NA,not.tagged,2008,2007,SR,2009,not.tagged,NA
WL,APP,Plot D,2008,June,7027,283,not.tagged,SR,2007,not.tagged,2009,2007,SR,2009,not.tagged,NA
WL,APP,Plot D,2009,June,7027,283,not.tagged,not.tagged,2008,Dead,NA,2007,SR,2009,not.tagged,NA
WL,APP,Plot D,2007,July,7028,284,SR,First.Appearance,NA,not.tagged,2008,2007,SR,2009,not.tagged,NA
WL,APP,Plot D,2008,June,7028,284,not.tagged,SR,2007,not.tagged,2009,2007,SR,2009,not.tagged,NA
WL,APP,Plot D,2009,June,7028,284,not.tagged,not.tagged,2008,Dead,NA,2007,SR,2009,not.tagged,NA
WL,APP,Plot D,2007,July,7029,285,SR,First.Appearance,NA,not.tagged,2008,2007,SR,2009,not.tagged,NA
WL,APP,Plot D,2008,June,7029,285,not.tagged,SR,2007,not.tagged,2009,2007,SR,2009,not.tagged,NA
WL,APP,Plot D,2009,June,7029,285,not.tagged,not.tagged,2008,Dead,NA,2007,SR,2009,not.tagged,NA
WL,APP,Plot D,2007,July,7030,286,SR,First.Appearance,NA,not.tagged,2008,2007,SR,2009,not.tagged,NA
WL,APP,Plot D,2008,June,7030,286,not.tagged,SR,2007,not.tagged,2009,2007,SR,2009,not.tagged,NA
WL,APP,Plot D,2009,June,7030,286,not.tagged,not.tagged,2008,Dead,NA,2007,SR,2009,not.tagged,NA
WL,APP,Plot D,2008,June,8001,287,SR,First.Appearance,NA,not.tagged,2009,2008,SR,2009,not.tagged,NA
WL,APP,Plot D,2009,June,8001,287,not.tagged,SR,2008,Dead,NA,2008,SR,2009,not.tagged,NA
WL,APP,Plot D,2008,June,8002,288,SR,First.Appearance,NA,not.tagged,2009,2008,SR,2009,not.tagged,NA
WL,APP,Plot D,2009,June,8002,288,not.tagged,SR,2008,Dead,NA,2008,SR,2009,not.tagged,NA
WL,APP,Plot D,2008,June,8003,289,SR,First.Appearance,NA,not.tagged,2009,2008,SR,2009,not.tagged,NA
WL,APP,Plot D,2009,June,8003,289,not.tagged,SR,2008,Dead,NA,2008,SR,2009,not.tagged,NA
WL,APP,Plot D,2008,June,8004,290,SR,First.Appearance,NA,not.tagged,2009,2008,SR,2009,not.tagged,NA
WL,APP,Plot D,2009,June,8004,290,not.tagged,SR,2008,Dead,NA,2008,SR,2009,not.tagged,NA
WL,APP,Plot D,2008,June,8005,291,SR,First.Appearance,NA,not.tagged,2009,2008,SR,2009,not.tagged,NA
WL,APP,Plot D,2009,June,8005,291,not.tagged,SR,2008,Dead,NA,2008,SR,2009,not.tagged,NA
WL,APP,Plot D,2008,June,8007,292,SR,First.Appearance,NA,not.tagged,2009,2008,SR,2009,not.tagged,NA
WL,APP,Plot D,2009,June,8007,292,not.tagged,SR,2008,Dead,NA,2008,SR,2009,not.tagged,NA
WL,APP,Plot D,2008,June,8008,293,SR,First.Appearance,NA,not.tagged,2009,2008,SR,2009,not.tagged,NA
WL,APP,Plot D,2009,June,8008,293,not.tagged,SR,2008,Dead,NA,2008,SR,2009,not.tagged,NA
WL,APP,Plot D,2008,June,8009,294,MR,First.Appearance,NA,not.tagged,2009,2008,MR,2009,not.tagged,NA
WL,APP,Plot D,2009,June,8009,294,not.tagged,MR,2008,Dead,NA,2008,MR,2009,not.tagged,NA
WL,APP,Plot D,2008,June,8010,295,SR,First.Appearance,NA,not.tagged,2009,2008,SR,2009,not.tagged,NA
WL,APP,Plot D,2009,June,8010,295,not.tagged,SR,2008,Dead,NA,2008,SR,2009,not.tagged,NA
WL,APP,Plot D,2008,June,8011,296,SR,First.Appearance,NA,not.tagged,2009,2008,SR,2009,not.tagged,NA
WL,APP,Plot D,2009,June,8011,296,not.tagged,SR,2008,Dead,NA,2008,SR,2009,not.tagged,NA
WL,APP,Plot D,2008,June,8012,297,SR,First.Appearance,NA,not.tagged,2009,2008,SR,2009,not.tagged,NA
WL,APP,Plot D,2009,June,8012,297,not.tagged,SR,2008,Dead,NA,2008,SR,2009,not.tagged,NA
WL,APP,Plot D,2008,June,8013,298,SR,First.Appearance,NA,not.tagged,2009,2008,SR,2009,not.tagged,NA
WL,APP,Plot D,2009,June,8013,298,not.tagged,SR,2008,Dead,NA,2008,SR,2009,not.tagged,NA
WL,APP,Plot D,2008,June,8014,299,SR,First.Appearance,NA,not.tagged,2009,2008,SR,2009,not.tagged,NA
WL,APP,Plot D,2009,June,8014,299,not.tagged,SR,2008,Dead,NA,2008,SR,2009,not.tagged,NA
WL,APP,Plot D,2008,June,8015,300,SR,First.Appearance,NA,not.tagged,2009,2008,SR,2009,not.tagged,NA
WL,APP,Plot D,2009,June,8015,300,not.tagged,SR,2008,Dead,NA,2008,SR,2009,not.tagged,NA
WL,APP,Plot D,2008,June,8016,301,SR,First.Appearance,NA,not.tagged,2009,2008,SR,2009,not.tagged,NA
WL,APP,Plot D,2009,June,8016,301,not.tagged,SR,2008,Dead,NA,2008,SR,2009,not.tagged,NA
WL,APP,Plot D,2008,June,8017,302,SR,First.Appearance,NA,not.tagged,2009,2008,SR,2009,not.tagged,NA
WL,APP,Plot D,2009,June,8017,302,not.tagged,SR,2008,Dead,NA,2008,SR,2009,not.tagged,NA
WL,APP,Plot D,2008,June,8018,303,SR,First.Appearance,NA,not.tagged,2009,2008,SR,2009,not.tagged,NA
WL,APP,Plot D,2009,June,8018,303,not.tagged,SR,2008,Dead,NA,2008,SR,2009,not.tagged,NA
WL,APP,Plot D,2008,June,8019,304,SR,First.Appearance,NA,not.tagged,2009,2008,SR,2009,not.tagged,NA
WL,APP,Plot D,2009,June,8019,304,not.tagged,SR,2008,Dead,NA,2008,SR,2009,not.tagged,NA
WL,APP,Plot D,2008,June,8021,306,MR,First.Appearance,NA,not.tagged,2009,2008,MR,2009,not.tagged,NA
WL,APP,Plot D,2009,June,8021,306,not.tagged,MR,2008,Dead,NA,2008,MR,2009,not.tagged,NA
WL,APP,Plot D,2008,June,8022,307,SR,First.Appearance,NA,not.tagged,2009,2008,SR,2009,not.tagged,NA
WL,APP,Plot D,2009,June,8022,307,not.tagged,SR,2008,Dead,NA,2008,SR,2009,not.tagged,NA
WL,APP,Plot D,2008,June,8023,308,SR,First.Appearance,NA,not.tagged,2009,2008,SR,2009,not.tagged,NA
WL,APP,Plot D,2009,June,8023,308,not.tagged,SR,2008,Dead,NA,2008,SR,2009,not.tagged,NA
WL,APP,Plot D,2008,June,8024,309,SR,First.Appearance,NA,not.tagged,2009,2008,SR,2009,not.tagged,NA
WL,APP,Plot D,2009,June,8024,309,not.tagged,SR,2008,Dead,NA,2008,SR,2009,not.tagged,NA
WL,APP,Plot D,2008,June,8025,310,SR,First.Appearance,NA,not.tagged,2009,2008,SR,2009,not.tagged,NA
WL,APP,Plot D,2009,June,8025,310,not.tagged,SR,2008,Dead,NA,2008,SR,2009,not.tagged,NA
WL,APP,Plot D,2008,June,8026,311,SR,First.Appearance,NA,not.tagged,2009,2008,SR,2009,not.tagged,NA
WL,APP,Plot D,2009,June,8026,311,not.tagged,SR,2008,Dead,NA,2008,SR,2009,not.tagged,NA
WL,APP,Plot D,2008,June,8027,312,Seedling,First.Appearance,NA,not.tagged,2009,2008,Seedling,2009,not.tagged,NA
WL,APP,Plot D,2009,June,8027,312,not.tagged,Seedling,2008,Dead,NA,2008,Seedling,2009,not.tagged,NA
WL,APP,Plot D,2008,June,8028,313,SR,First.Appearance,NA,not.tagged,2009,2008,SR,2009,not.tagged,NA
WL,APP,Plot D,2009,June,8028,313,not.tagged,SR,2008,Dead,NA,2008,SR,2009,not.tagged,NA
WL,APP,Plot D,2008,June,8029,314,SR,First.Appearance,NA,not.tagged,2009,2008,SR,2009,not.tagged,NA
WL,APP,Plot D,2009,June,8029,314,not.tagged,SR,2008,Dead,NA,2008,SR,2009,not.tagged,NA
WL,APP,Plot D,2008,June,8030,315,SR,First.Appearance,NA,not.tagged,2009,2008,SR,2009,not.tagged,NA
WL,APP,Plot D,2009,June,8030,315,not.tagged,SR,2008,Dead,NA,2008,SR,2009,not.tagged,NA
WL,APP,Plot D,2008,June,8031,316,SR,First.Appearance,NA,not.tagged,2009,2008,SR,2009,not.tagged,NA
WL,APP,Plot D,2009,June,8031,316,not.tagged,SR,2008,Dead,NA,2008,SR,2009,not.tagged,NA
WL,APP,Plot D,2008,June,8032,317,SR,First.Appearance,NA,not.tagged,2009,2008,SR,2009,not.tagged,NA
WL,APP,Plot D,2009,June,8032,317,not.tagged,SR,2008,Dead,NA,2008,SR,2009,not.tagged,NA
WL,APP,Plot D,2008,June,8033,318,SR,First.Appearance,NA,not.tagged,2009,2008,SR,2009,not.tagged,NA
WL,APP,Plot D,2009,June,8033,318,not.tagged,SR,2008,Dead,NA,2008,SR,2009,not.tagged,NA
WL,APP,Plot D,2008,June,8034,319,SR,First.Appearance,NA,not.tagged,2009,2008,SR,2009,not.tagged,NA
WL,APP,Plot D,2009,June,8034,319,not.tagged,SR,2008,Dead,NA,2008,SR,2009,not.tagged,NA
WL,APP,Plot D,2008,June,8035,320,SR,First.Appearance,NA,not.tagged,2009,2008,SR,2009,not.tagged,NA
WL,APP,Plot D,2009,June,8035,320,not.tagged,SR,2008,Dead,NA,2008,SR,2009,not.tagged,NA
WL,APP,Plot D,2008,June,8036,321,SR,First.Appearance,NA,not.tagged,2009,2008,SR,2009,not.tagged,NA
WL,APP,Plot D,2009,June,8036,321,not.tagged,SR,2008,Dead,NA,2008,SR,2009,not.tagged,NA
WL,APP,Plot D,2008,June,8037,322,SR,First.Appearance,NA,not.tagged,2009,2008,SR,2009,not.tagged,NA
WL,APP,Plot D,2009,June,8037,322,not.tagged,SR,2008,Dead,NA,2008,SR,2009,not.tagged,NA
WL,APP,Plot D,2008,June,8038,323,SR,First.Appearance,NA,not.tagged,2009,2008,SR,2009,not.tagged,NA
WL,APP,Plot D,2009,June,8038,323,not.tagged,SR,2008,Dead,NA,2008,SR,2009,not.tagged,NA
WL,APP,Plot D,2008,June,8039,324,SR,First.Appearance,NA,not.tagged,2009,2008,SR,2009,not.tagged,NA
WL,APP,Plot D,2009,June,8039,324,not.tagged,SR,2008,Dead,NA,2008,SR,2009,not.tagged,NA
WL,APP,Plot D,2008,June,8040,325,SR,First.Appearance,NA,not.tagged,2009,2008,SR,2009,not.tagged,NA
WL,APP,Plot D,2009,June,8040,325,not.tagged,SR,2008,Dead,NA,2008,SR,2009,not.tagged,NA
WL,APP,Plot D,2008,June,8041,326,SR,First.Appearance,NA,not.tagged,2009,2008,SR,2009,not.tagged,NA
WL,APP,Plot D,2009,June,8041,326,not.tagged,SR,2008,Dead,NA,2008,SR,2009,not.tagged,NA
WL,APP,Plot D,2008,June,8042,327,SR,First.Appearance,NA,not.tagged,2009,2008,SR,2009,not.tagged,NA
WL,APP,Plot D,2009,June,8042,327,not.tagged,SR,2008,Dead,NA,2008,SR,2009,not.tagged,NA
WL,APP,Plot D,2008,June,8043,328,SR,First.Appearance,NA,not.tagged,2009,2008,SR,2009,not.tagged,NA
WL,APP,Plot D,2009,June,8043,328,not.tagged,SR,2008,Dead,NA,2008,SR,2009,not.tagged,NA
WL,APP,Plot D,2008,June,8046,331,SR,First.Appearance,NA,not.tagged,2009,2008,SR,2009,not.tagged,NA
WL,APP,Plot D,2009,June,8046,331,not.tagged,SR,2008,Dead,NA,2008,SR,2009,not.tagged,NA
WL,APP,Plot D,2008,June,8047,332,SR,First.Appearance,NA,not.tagged,2009,2008,SR,2009,not.tagged,NA
WL,APP,Plot D,2009,June,8047,332,not.tagged,SR,2008,Dead,NA,2008,SR,2009,not.tagged,NA
WL,APP,Plot D,2008,June,8048,333,SR,First.Appearance,NA,not.tagged,2009,2008,SR,2009,not.tagged,NA
WL,APP,Plot D,2009,June,8048,333,not.tagged,SR,2008,Dead,NA,2008,SR,2009,not.tagged,NA
WL,APP,Plot D,2008,June,8049,334,SR,First.Appearance,NA,not.tagged,2009,2008,SR,2009,not.tagged,NA
WL,APP,Plot D,2009,June,8049,334,not.tagged,SR,2008,Dead,NA,2008,SR,2009,not.tagged,NA
WL,APP,Plot D,2008,June,8050,335,SR,First.Appearance,NA,not.tagged,2009,2008,SR,2009,not.tagged,NA
WL,APP,Plot D,2009,June,8050,335,not.tagged,SR,2008,Dead,NA,2008,SR,2009,not.tagged,NA
WL,APP,Plot D,2008,June,8051,336,SR,First.Appearance,NA,not.tagged,2009,2008,SR,2009,not.tagged,NA
WL,APP,Plot D,2009,June,8051,336,not.tagged,SR,2008,Dead,NA,2008,SR,2009,not.tagged,NA
WL,APP,Plot D,2008,June,8052,337,SR,First.Appearance,NA,not.tagged,2009,2008,SR,2009,not.tagged,NA
WL,APP,Plot D,2009,June,8052,337,not.tagged,SR,2008,Dead,NA,2008,SR,2009,not.tagged,NA
WL,APP,Plot D,2008,June,8053,338,SR,First.Appearance,NA,not.tagged,2009,2008,SR,2009,not.tagged,NA
WL,APP,Plot D,2009,June,8053,338,not.tagged,SR,2008,Dead,NA,2008,SR,2009,not.tagged,NA
WL,APP,Plot D,2009,June,9001,339,SR,First.Appearance,NA,NA,NA,2009,SR,2009,SR,NA
WL,APP,Plot D,2009,June,9002,340,SR,First.Appearance,NA,NA,NA,2009,SR,2009,SR,NA
WL,APP,Plot D,2009,June,9003,341,SR,First.Appearance,NA,NA,NA,2009,SR,2009,SR,NA
WL,APP,Plot D,2009,June,9004,342,SR,First.Appearance,NA,NA,NA,2009,SR,2009,SR,NA
WL,APP,Plot D,2009,June,9005,343,SR,First.Appearance,NA,NA,NA,2009,SR,2009,SR,NA
WL,APP,Plot D,2009,June,9006,344,SR,First.Appearance,NA,NA,NA,2009,SR,2009,SR,NA
WL,APP,Plot D,2009,June,9007,345,SR,First.Appearance,NA,NA,NA,2009,SR,2009,SR,NA
WL,APP,Plot D,2009,June,9008,346,SR,First.Appearance,NA,NA,NA,2009,SR,2009,SR,NA
WL,APP,Plot D,2009,June,9009,347,SR,First.Appearance,NA,NA,NA,2009,SR,2009,SR,NA
WL,APP,Plot D,2009,June,9010,348,SR,First.Appearance,NA,NA,NA,2009,SR,2009,SR,NA
WL,APP,Plot D,2009,June,9011,349,SR,First.Appearance,NA,NA,NA,2009,SR,2009,SR,NA
WL,APP,Plot D,2009,June,9012,350,SR,First.Appearance,NA,NA,NA,2009,SR,2009,SR,NA
WL,APP,Plot D,2009,June,9013,351,SR,First.Appearance,NA,NA,NA,2009,SR,2009,SR,NA
WL,APP,Plot D,2009,June,9014,352,SR,First.Appearance,NA,NA,NA,2009,SR,2009,SR,NA
WL,APP,Plot D,2009,June,9015,353,SR,First.Appearance,NA,NA,NA,2009,SR,2009,SR,NA
WL,APP,Plot D,2009,June,9016,354,SR,First.Appearance,NA,NA,NA,2009,SR,2009,SR,NA
WL,APP,Plot D,2009,June,9017,355,SR,First.Appearance,NA,NA,NA,2009,SR,2009,SR,NA
WL,APP,Plot D,2009,June,9018,356,SR,First.Appearance,NA,NA,NA,2009,SR,2009,SR,NA
WL,APP,Plot D,2009,June,9019,357,SR,First.Appearance,NA,NA,NA,2009,SR,2009,SR,NA
WL,APP,Plot D,2009,June,9020,358,SR,First.Appearance,NA,NA,NA,2009,SR,2009,SR,NA
WL,APP,Plot D,2009,June,9021,359,SR,First.Appearance,NA,NA,NA,2009,SR,2009,SR,NA
WL,APP,Plot D,2009,June,9022,360,SR,First.Appearance,NA,NA,NA,2009,SR,2009,SR,NA
WL,APP,Plot D,2009,June,9023,361,SR,First.Appearance,NA,NA,NA,2009,SR,2009,SR,NA
WL,APP,Plot D,2009,June,9024,362,SR,First.Appearance,NA,NA,NA,2009,SR,2009,SR,NA
WL,APP,Plot D,2009,June,9025,363,SR,First.Appearance,NA,NA,NA,2009,SR,2009,SR,NA
WL,APP,Plot D,2009,June,9026,364,SR,First.Appearance,NA,NA,NA,2009,SR,2009,SR,NA
WL,APP,Plot D,2009,June,9027,365,SR,First.Appearance,NA,NA,NA,2009,SR,2009,SR,NA
WL,APP,Plot D,2009,June,9028,366,SR,First.Appearance,NA,NA,NA,2009,SR,2009,SR,NA
WL,APP,Plot D,2009,June,9029,367,SR,First.Appearance,NA,NA,NA,2009,SR,2009,SR,NA
WL,APP,Plot D,2009,June,9030,368,SR,First.Appearance,NA,NA,NA,2009,SR,2009,SR,NA
WL,APP,Plot D,2009,June,9031,369,SR,First.Appearance,NA,NA,NA,2009,SR,2009,SR,NA
WL,APP,Plot D,2009,June,9032,370,SR,First.Appearance,NA,NA,NA,2009,SR,2009,SR,NA
WL,APP,Plot D,2009,June,9033,371,SR,First.Appearance,NA,NA,NA,2009,SR,2009,SR,NA
WL,APP,Plot D,2009,June,9034,372,SR,First.Appearance,NA,NA,NA,2009,SR,2009,SR,NA
WL,APP,Plot D,2009,June,9035,373,SR,First.Appearance,NA,NA,NA,2009,SR,2009,SR,NA
WL,APP,Plot D,2009,June,9036,374,MR,First.Appearance,NA,NA,NA,2009,MR,2009,MR,NA
WL,APP,Plot D,2009,June,9037,375,SR,First.Appearance,NA,NA,NA,2009,SR,2009,SR,NA
WL,APP,Plot D,2009,June,9038,376,SR,First.Appearance,NA,NA,NA,2009,SR,2009,SR,NA
WL,APP,Plot D,2009,June,9039,377,SR,First.Appearance,NA,NA,NA,2009,SR,2009,SR,NA
WL,APP,Plot D,2009,June,9040,378,SR,First.Appearance,NA,NA,NA,2009,SR,2009,SR,NA
WL,APP,Plot D,2009,June,9041,379,SR,First.Appearance,NA,NA,NA,2009,SR,2009,SR,NA
WL,APP,Plot D,2009,June,9042,380,SR,First.Appearance,NA,NA,NA,2009,SR,2009,SR,NA
WL,APP,Plot D,2009,June,9043,381,SR,First.Appearance,NA,NA,NA,2009,SR,2009,SR,NA
WL,APP,Plot D,2009,June,9044,382,SR,First.Appearance,NA,NA,NA,2009,SR,2009,SR,NA
WL,APP,Plot D,2009,June,9045,383,SR,First.Appearance,NA,NA,NA,2009,SR,2009,SR,NA
WL,APP,Plot D,2009,June,9046,384,SR,First.Appearance,NA,NA,NA,2009,SR,2009,SR,NA
WL,APP,Plot D,2009,June,9047,385,SR,First.Appearance,NA,NA,NA,2009,SR,2009,SR,NA
WL,APP,Plot D,2009,June,9048,386,SR,First.Appearance,NA,NA,NA,2009,SR,2009,SR,NA
WL,APP,Plot D,2009,June,9049,387,SR,First.Appearance,NA,NA,NA,2009,SR,2009,SR,NA
WL,APP,Plot D,2009,June,9050,388,SR,First.Appearance,NA,NA,NA,2009,SR,2009,SR,NA
WL,APP,Plot D,2009,June,9051,389,SR,First.Appearance,NA,NA,NA,2009,SR,2009,SR,NA
WL,APP,Plot D,2009,June,9052,390,SR,First.Appearance,NA,NA,NA,2009,SR,2009,SR,NA
WL,APP,Plot D,2009,June,9053,391,SR,First.Appearance,NA,NA,NA,2009,SR,2009,SR,NA
WL,APP,Plot D,2009,June,9054,392,SR,First.Appearance,NA,NA,NA,2009,SR,2009,SR,NA
WL,APP,Plot D,2009,June,9055,393,SR,First.Appearance,NA,NA,NA,2009,SR,2009,SR,NA
WL,APP,Plot D,2009,June,9056,394,SR,First.Appearance,NA,NA,NA,2009,SR,2009,SR,NA
WL,APP,Plot D,2009,June,9057,395,SR,First.Appearance,NA,NA,NA,2009,SR,2009,SR,NA
WL,APP,Plot D,2009,June,9058,396,SR,First.Appearance,NA,NA,NA,2009,SR,2009,SR,NA
WL,APP,Plot D,2009,June,9059,397,SR,First.Appearance,NA,NA,NA,2009,SR,2009,SR,NA
WL,APP,Plot D,2009,June,9060,398,SR,First.Appearance,NA,NA,NA,2009,SR,2009,SR,NA
WL,APP,Plot D,2009,June,9061,399,SR,First.Appearance,NA,NA,NA,2009,SR,2009,SR,NA
WL,APP,Plot D,1993,May,20033,400,Seedling,First.Appearance,NA,Dead,NA,1993,Seedling,1993,Seedling,No
WL,APP,Plot D,1993,July,20036,401,SR,First.Appearance,NA,SR,1994,1993,SR,1998,SR,Yes
WL,APP,Plot D,1994,July,20036,401,SR,SR,1993,SR,1995,1993,SR,1998,SR,Yes
WL,APP,Plot D,1995,July,20036,401,SR,SR,1994,SR,1996,1993,SR,1998,SR,Yes
WL,APP,Plot D,1996,July,20036,401,SR,SR,1995,SR,1997,1993,SR,1998,SR,Yes
WL,APP,Plot D,1997,July,20036,401,SR,SR,1996,SR,1998,1993,SR,1998,SR,Yes
WL,APP,Plot D,1998,July,20036,401,SR,SR,1997,Dead,NA,1993,SR,1998,SR,No
WL,APP,Plot D,1993,May,20038,402,Seedling,First.Appearance,NA,Dead,NA,1993,Seedling,1993,Seedling,No
WL,APP,Plot D,1993,May,20049,403,Seedling,First.Appearance,NA,Dead,NA,1993,Seedling,1993,Seedling,No
WL,APP,Plot D,1993,May,20052,404,SR,First.Appearance,NA,Dead,NA,1993,SR,1993,SR,No
WL,APP,Plot D,1993,July,20053,405,SR,First.Appearance,NA,SR,1994,1993,SR,1996,SR,Yes
WL,APP,Plot D,1994,July,20053,405,SR,SR,1993,SR,1995,1993,SR,1996,SR,Yes
WL,APP,Plot D,1995,July,20053,405,SR,SR,1994,SR,1996,1993,SR,1996,SR,Yes
WL,APP,Plot D,1996,May,20053,405,SR,SR,1995,Dead,NA,1993,SR,1996,SR,No
WL,APP,Plot D,1993,May,20054,406,SR,First.Appearance,NA,Dead,NA,1993,SR,1993,SR,No
WL,APP,Plot D,1990,July,20152,407,SR,No.record,NA,Dead,NA,1990,SR,1990,SR,No
WL,APP,Plot D,1990,July,20156.099999999999,408,SR,No.record,NA,SF,1991,1990,SR,1991,SF,Yes
WL,APP,Plot D,1991,July,20156.099999999999,408,SF,SR,1990,Dead,NA,1990,SR,1991,SF,No
WL,APP,Plot D,1992,July,20156.2,409,SR,First.Appearance,NA,SF,1993,1992,SR,1993,SF,Yes
WL,APP,Plot D,1993,July,20156.2,409,SF,SR,1992,Dead,NA,1992,SR,1993,SF,No
WL,APP,Plot D,1990,July,20184,410,SR,No.record,NA,Dead,NA,1990,SR,1990,SR,No
WL,APP,Plot D,1990,July,20189,411,SR,No.record,NA,SR,1991,1990,SR,1991,SR,Yes
WL,APP,Plot D,1991,July,20189,411,SR,SR,1990,Dead,NA,1990,SR,1991,SR,No
WL,APP,Plot D,1990,July,20190,412,SR,No.record,NA,Dead,NA,1990,SR,1990,SR,No
WL,APP,Plot D,2000,May,20266,413,Seedling,First.Appearance,NA,Dead,NA,2000,Seedling,2000,Seedling,No
WL,APP,Plot D,1999,July,20389,414,SR,First.Appearance,NA,SR,2000,1999,SR,2000,SR,Yes
WL,APP,Plot D,2000,May,20389,414,SR,SR,1999,Dead,NA,1999,SR,2000,SR,No
WL,APP,Plot D,1995,May,20399,415,SR,First.Appearance,NA,Dead,NA,1995,SR,1995,SR,No
WL,APP,Plot D,1998,May,20425,416,SR,First.Appearance,NA,Dead,NA,1998,SR,1998,SR,No
WL,APP,Plot D,1991,July,20688,417,SR,First.Appearance,NA,Dead,NA,1991,SR,1991,SR,No
